기능성 소화불량 가상 환자 개발을 위한 항목,,,,,,,,,,,,,,,,,,
표현형,"소화가 안 돼요, 속이 더부룩해요, 명치가 답답해요, 명치가 아파요, 속이 쓰려요, 배에 가스가 차요, 트림이 자꾸 나와요, 신물이 올라와요, 속이 메스꺼워요, 울렁거려요, 토할 것 같아요, 조금만 먹어도 배가 불러요, 입맛이 없어요, 속이 꽉 막힌 것 같아요, 잘 체해요, 밥 먹은 게 내려가지 않아요",,,,,,,,,,,,,,,,,
임상정보 대분류,임상정보 중분류,임상정보 소분류,인구학적 정보-1. 필수,감기환자 주증,변증/처방 선택시 중요도(1. 매우중요. 2. 중요. 3. 약간 참고. 4. 의미없음),유사표현(정성 표현),범주 번호,항목 범주 설명(정량 표현),일반 생성 규칙 및 비율,기능성 소화불량 환자 기초 변증형,,,,,,,,
,,,,,,,,,,,,,,,,,,
,,,빈 칸-. 비필수,1 필수,,,,,,,,,,,,,,
,,,,,,,,,,,,,,,,,,
,,,,빈칸 - 비필수,,,,,,한증,열증,기허,양허,음허,담음(습),식적,어혈,기체
기능성 소화불량 환자,o/s,소화불량 시작시점,,1,3,,1,1주일 이내,0%,,,,,,,,,
,,,,,,,2,1주-1개월 이내,0%,,,,,,,,,
,,,,,,,3,1개월 이상-3개월 이내,0%,,,,,,,,,
,,,,,,,4,3개월 이상-6개월 이내,0%,,,,,,,,,
,,,,,,,5,6개월 이상-1년 이내,50%,25%,25%,25%,25%,25%,25%,25%,25%,25%
,,,,,,,6,1년 이상 ,50%,25%,25%,25%,25%,25%,25%,25%,25%,25%
,경과,,,1,1,AI 자동생성　　,,AI 자동생성　　,,,,,,,,,,
,경과2. 과거유사경험,,,,3,,1,과거에 소화불량이 없었음. ,50%,25%,25%,25%,25%,25%,25%,25%,25%,25%
,,,,,,,2,과거에도 소화불량이 있었음. ,50%,25%,25%,25%,25%,25%,25%,25%,25%,25%
,기능성 소화불량 중요 증상,식후포만감,,1,3,"배가 부르지 않음, 먹고도 금방 허기짐",1,식후 포만감이 없음. ,0%,,,,,,,,,
,,,,,,"배부른지 안 부른지 모르겠음, 먹고도 뭔가 부족한 느낌",2,배가 부른 것인지 아닌지 신호가 모호하고 뚜렷하지 않음.,20%,10%,10%,10%,10%,10%,10%,10%,10%,10%
,,,,,,"금방 배가 꺼짐, 배부른 느낌이 오래가지 않음",3,식사 후 바로 포만감을 느끼나 시간이 흘러가면서 사라짐,40%,20%,20%,20%,20%,20%,20%,20%,20%,20%
,,,,,,"포만감이 오래 감, 든든해서 다음 식사 때까지 배가 안 고픔",4,"식사 후 바로 포만감을 느끼며, 2~3시간 지나도 포만감이 남아 있음",30%,15%,15%,15%,15%,15%,15%,15%,15%,15%
,,,,,,"밥 먹자마자 배가 터질 듯함, 배가 너무 불러서 괴로움",5,"식후 포만감이 매우 심함. 먹고 돌아서면 바로 포만감이 들며, 그 포만감을 참기 힘듦.",10%,5%,5%,5%,5%,5%,5%,5%,5%,5%
,,조기포만감,,1,3,먹고 있어도 계속 먹을 수 있음,1,밥을 먹을 때 포만감을 느끼지 못함.,0%,,,,,,,,,
,,,,,,먹고 있어도 배가 부른지 잘 모르겠음,2,밥을 먹는 중에는 배가 부른 것인지 아닌지 신호가 모호하고 뚜렷하지 않음.,20%,10%,10%,10%,10%,10%,10%,10%,10%,10%
,,,,,,다 먹어야 배부름,3,밥을 다 먹어갈 때 쯤 포만감을 느낌,40%,20%,20%,20%,20%,20%,20%,20%,20%,20%
,,,,,,"먹다가 갑자기 배가 참, 식사 중간에 숟가락을 놓게 됨",4,밥을 먹는 중간에 포만감을 느끼고 먹기가 어려워짐,30%,15%,15%,15%,15%,15%,15%,15%,15%,15%
,,,,,,"몇 숟갈 안 먹었는데 배부름, 음식을 조금만 먹어도 목이 메임",5,"밥을 조금만 먹어도 포만감을 느끼고, 먹기 싫어짐. ",10%,5%,5%,5%,5%,5%,5%,5%,5%,5%
,,"상복부 불편감(강도), 상복부 통증",,1,3,답답함이나 통증이 전혀 없는 상태.,1,상복부 불편감 없음 ,0%,,,,,,,,,
,,,,,,"상복부에 신경은 쓰이지만, 일상생활이나 업무에 거의 지장을 주지 않는 가벼운 답답함.",2,"상복부 경미한 불편감, ",20%,10%,10%,10%,10%,10%,10%,10%,10%,10%
,,,,,,"명치가 꽉 막힌 느낌이 분명하게 느껴지며, 이로 인해 집중력이 다소 저하되고 일상생활에 약간의 지장을 줌.",3,"상복부 중등도 불편감, ",40%,20%,20%,20%,20%,20%,20%,20%,20%,20%
,,,,,,"답답함이 매우 심하여 다른 생각을 하기 어렵고, 속이 울렁거리거나 일상적인 활동을 지속하기 힘듦.",4,"상복부 심한 불쾌감, ",30%,15%,15%,15%,15%,15%,15%,15%,15%,15%
,,,,,,"명치에 돌덩이가 얹힌 것처럼 극심하게 답답하여, 아무것도 할 수 없는 상태.",5,"상복부 매우 심한 불쾌감, ",10%,5%,5%,5%,5%,5%,5%,5%,5%,5%
,,상복부 속쓰림(강도),,1,1,속쓰림 없음,1,"없음, 통증이나 불편감이 전혀 없는 상태.",0%,,,,,,,,,
,,,,,,아주 약하게 쓰린 느낌,2,"경미한 불편감, 가슴이나 명치 부위가 살짝 화끈거리는 느낌이 들지만, 일상생활에 거의 지장을 주지 않음.",20%,15%,15%,15%,15%,15%,15%,15%,15%,15%
,,,,,,속이 쓰리고 따가움,3,"중등도 통증, 타는 듯한 느낌이 분명하게 느껴지며, 이로 인해 집중력이 다소 저하되고 일상생활에 약간의 지장을 줌.",40%,25%,25%,25%,25%,25%,25%,25%,25%,25%
,,,,,,"속이 너무 쓰려서 괴로움, 위가 불타는 듯한 느낌",4,"심한 통증, 통증이 매우 심하여 다른 생각을 하기 어렵고, 일상적인 활동을 지속하기 힘듦.",30%,,15%,,,,15%,15%,15%,15%
,,,,,,속이 타서 극심한 통증으로 꼼짝 못 함,5,"매우 심한 통증, 참을 수 없을 정도로 극심한 통증으로, 아무것도 할 수 없는 상태.",10%,,10%,,,,,,,
,소화불량 완화요인/악화요인,소화불량 완화요인/악화요인,,1,1,배를 차게 하거나 찬 바람 쐴 때 속이 불편함,1,추우면 더 소화가 안됨,10%,45%,,,15%,,,,,
,,,,,,더운 환경에서 속이 답답함,2,더우면 더 소화가 안됨,5%,,45%,,,15%,,,,
,,,,,,"날씨가 궂으면 속이 불편함, 흐린 날 소화가 잘 안 됨",3,비/눈 오면 더 소화가 안됨,5%,,,,,,45%,15%,,
,,,,,,"스트레스 받으면 체함, 걱정이 많으면 속이 막힘",4,신경쓰면 더 소화가 안됨,70%,15%,15%,15%,15%,15%,15%,35%,35%,45%
,,,,,,"피곤하거나 아프면 속이 더 안 좋음, 기력이 떨어지면 체함",5,기운이 없으면 더 소화가 안됨,10%,,,45%,,,,,,
,검사,위내시경 검사,,1,4,,1,이상없음,100%,50%,50%,50%,50%,50%,50%,50%,50%,50%
,,,,,,,2,이상있음. ,0%,,,,,,,,,
인구학적 정보,,키,1,,4,키가 동일 연령대보다 매우 작다,1,해당 나이 평균키 보다 10% 이상 작다(170cm 기준 153cm 이하),10%,5%,5%,5%,5%,5%,5%,5%,5%,5%
,,,,,,키가 동일 연령대보다 작은 편이다,2,해당 나이 평균키 보다 5% 이상 작다(170cm 기준 153cm 초과 ~ 161.5cm 이하),20%,10%,10%,10%,10%,10%,10%,10%,10%,10%
,,,,,,키가 동일 연령대 평균 정도 이다,3,해당 나이 평균키의 ±5% 이내 이다(170cm 기준 161.5-178.5cm),40%,20%,20%,20%,20%,20%,20%,20%,20%,20%
,,,,,,키가 동일 연령대보다 크다,4,해당 나이 평균키 보다 5% 이상 크다(170cm 기준 178.5cm 이상 ~ 187cm 미만),20%,10%,10%,10%,10%,10%,10%,10%,10%,10%
,,,,,,키가 동일 연령대보다 매우 크다,5,해당 나이 평균키 보다 10% 이상 크다(170cm 기준 187cm 이상),10%,5%,5%,5%,5%,5%,5%,5%,5%,5%
,,몸무게,1,,4,몸무게가 동일 연령대보다 매우 작다,1,해당 나이 평균몸무게 보다 10% 이상 작다(70kg 기준 63kg 미만),10%,5%,5%,5%,5%,5%,5%,5%,5%,5%
,,,,,,몸무게가 동일 연령대보다 작은 편이다,2,해당 나이 평균몸무게 보다 5% 이상 작다(70kg기준 63kg 이상 70kg 이하),20%,10%,10%,10%,10%,10%,10%,10%,10%,10%
,,,,,,몸무게가 동일 연령대 평균 정도 이다,3,해당 나이 평균몸무게의 ±5% 이내 이다(70kg 기준 ),40%,20%,20%,20%,20%,20%,20%,20%,20%,20%
,,,,,,몸무게가 동일 연령대보다 크다,4,해당 나이 평균몸무게 보다 5% 이상 크다(70kg 기준 70kg 이상 78kg 미만),20%,10%,10%,10%,10%,10%,10%,10%,10%,10%
,,,,,,몸무게가 동일 연령대보다 매우 크다,5,해당 나이 평균몸무게 보다 10% 이상 크다(70kg 기준 78kg 이상),10%,5%,5%,5%,5%,5%,5%,5%,5%,5%
,,체질량지수,1,,3,저체중,1,체질량지수 18.5 미만,5%,3%,3%,3%,3%,3%,3%,3%,3%,3%
,,,,,,정상,2,체질량지수 18.5 이상 22.9 이하,40%,20%,20%,20%,20%,20%,20%,20%,20%,20%
,,,,,,비만 전 단계,3,체질량지수 23 이상 24.9 이하,20%,10%,10%,10%,10%,10%,10%,10%,10%,10%
,,,,,,"1단계 비만, 경도 비만",4,체질량지수 25 이상 29.9 이하,20%,10%,10%,10%,10%,10%,10%,10%,10%,10%
,,,,,,"2단계 비만, 중등도 비만",5,체질량지수 30 이상 34.9 이하,10%,5%,5%,5%,5%,5%,5%,5%,5%,5%
,,,,,,"3단계 비만, 고도 비만",6,체질량지수 35 이상,5%,3%,3%,3%,3%,3%,3%,3%,3%,3%
,,성별,1,,4,,1,남자,50%,20%,20%,20%,20%,20%,20%,20%,20%,20%
,,,,,,,2,여자,50%,30%,30%,30%,30%,30%,30%,30%,30%,30%
,,나이,1,,3,,1,소아·청소년: ~ 19세 이하,20%,9%,9%,9%,9%,9%,9%,9%,9%,9%
,,,,,,,2,청년: 20 ~ 39세,20%,9%,9%,9%,9%,9%,9%,9%,9%,9%
,,,,,,,3,중년: 40 ~ 54세,20%,10%,10%,10%,10%,10%,10%,10%,10%,10%
,,,,,,,4,장년: 55 ~ 69세,20%,13%,13%,13%,13%,13%,13%,13%,13%,13%
,,,,,,,5,노년: 70세 이상,20%,10%,10%,10%,10%,10%,10%,10%,10%,10%
,,직업,1,,4,"기업 임원, 부서권리자(팀장), 공공기관 관리자",1,관리직,9%,5%,5%,5%,5%,5%,5%,5%,5%,5%
,,,,,,"의사, 간호사, 약사, 변호사, 검사, 교수, 교사, 연구원, 회계사, 엔지니어, 기자, 작가",2,전문직,9%,5%,5%,5%,5%,5%,5%,5%,5%,5%
,,,,,,"총무 담당자, 인사 담당자, 회계 사무원, 비서, 경리",3,사무직,9%,5%,5%,5%,5%,5%,5%,5%,5%,5%
,,,,,,"요리사, 바리스타, 미용사, 호텔리어, 승무원, 사회복지사, 요양보호사, 간호조무사, 버스/택시 기사",4,서비스직,9%,5%,5%,5%,5%,5%,5%,5%,5%,5%
,,,,,,"판매원, 영업 사원, 보험설계사, 방문 판매원",5,판매직,9%,5%,5%,5%,5%,5%,5%,5%,5%,5%
,,,,,,"농부, 축산업자, 어부, 양식업자, 임업 기술자",6,농/어업,9%,5%,5%,5%,5%,5%,5%,5%,5%,5%
,,,,,,"목수, 배관공, 용접공, 정비사, 제빵사",7,기능직,9%,5%,5%,5%,5%,5%,5%,5%,5%,5%
,,,,,,"제품 조립원, 중장비 기사, 화물차 기사",8,"장치, 기계조작 및 조립직 ",9%,5%,5%,5%,5%,5%,5%,5%,5%,5%
,,,,,,"택배 상하차 인력, 건설 현장 보조 인력, 주방 보조, 건물 청소원, 주차 관리원",9,단순노무,9%,5%,5%,5%,5%,5%,5%,5%,5%,5%
,,,,,,육/해/공군 장교 및 부사관,10,직업군인,9%,5%,5%,5%,5%,5%,5%,5%,5%,5%
,,,,,,"학생, 주부, 무직, 은퇴",11,"(기타) 학생, 주부, 무직, 은퇴",9%,5%,5%,5%,5%,5%,5%,5%,5%,5%
활력징후,,체온,1,,1,"몸이 너무 차가움, 심하게 오한이 듦",1,저체온 35℃ 이하,1%,5%,,,,,,,,
,,,,,,정상,2,정상 36.0~37.3°C ,40%,45%,30%,45%,45%,30%,45%,45%,45%,45%
,,,,,,"약간열이남, 열감이있음, 몸이좀뜨끈함, 열이오르기시작함",3,미열 37.4~37.9℃ ,30%,0%,20%,5%,0%,20%,5%,5%,5%,5%
,,,,,,"열이많이남, 몸이뜨거움",4,발열 38~39.9°C,20%,,,,,,,,,
,,,,,,"열이심함, 매우위험한고열, 몸이불덩이같음",5,고열 40℃ 이상,9%,,,,,,,,,
,,맥박,1,,1,맥박이 매우 느림,1,맥박이 50회 이하/1분 or 2회 /1호흡,1%,,,,,,,,,
,,,,,,맥박이 느림,2,맥박이 50-60회/1분 or 3회 /1호흡,4%,3%,,3%,3%,,3%,3%,3%,3%
,,,,,,맥박이 중간,3,맥박이 60-80회/1분 or 4회 /1호흡,50%,30%,30%,30%,30%,30%,30%,30%,30%,30%
,,,,,,맥박이 약간 빠름,4,맥박이 80회-100회/1분 or 4-5회/1호흡,35%,17%,17%,17%,17%,17%,17%,17%,17%,17%
,,,,,,맥박이 매우 빠름,5,맥박이 100회 이상/1분 or 5회 이상/1호흡,10%,,10%,,,,,,,
,,호흡,1,,3,서호흡,1,숨 쉬는 횟수가 12회 미만/1분,5%,,,,,,,,,
,,,,,,정상호흡,2,숨 쉬는 횟수가 12-20회/1분 ,85%,50%,50%,50%,50%,50%,50%,50%,50%,50%
,,,,,,빈호흡,3,숨 쉬는 횟수가 20회 초과/1분,10%,,,,,,,,,
,,혈압,1,,3,저혈압,1,수축기 혈압 90미만,5%,3%,3%,3%,3%,3%,3%,3%,3%,3%
,,,,,,정상혈압,2,수축기 혈압 120미만 그리고 이완기 80미만 ,50%,25%,25%,25%,25%,25%,25%,25%,25%,25%
,,,,,,고혈압전단계,3,수축기 혈압 120 ~ 139 또는 이완기 80 ~ 89,20%,10%,10%,10%,10%,10%,10%,10%,10%,10%
,,,,,,고혈압제1기,4,수축기 혈압 140 ~ 159 또는 이완기 90 ~ 99,20%,10%,10%,10%,10%,10%,10%,10%,10%,10%
,,,,,,고혈압제2기,5,수축기 혈압 160 이상 180미만 또는 이완기 100이상 110미만,5%,3%,3%,3%,3%,3%,3%,3%,3%,3%
현병력,,고혈압,1,,4,,1,없음 (Absent) 현재 고혈압을 진단받아 앓고 있지 않은 경우,70%,35%,35%,35%,35%,35%,35%,35%,35%,35%
,,,,,,,2,있음 (Present) 현재 고혈압을 진단받아 앓고 있는 경우,30%,15%,15%,15%,15%,15%,15%,15%,15%,15%
,,당뇨,1,,4,,1,없음 (Absent) 현재 당뇨를 진단받아 앓고 있지 않은 경우,85%,43%,43%,43%,43%,43%,43%,43%,43%,43%
,,,,,,,2,있음 (Present) 현재 당뇨를 진단받아 앓고 있는 경우,15%,8%,8%,8%,8%,8%,8%,8%,8%,8%
,,이상지질혈증,1,,4,,1,없음 (Absent) 현재 이상지질혈증을 진단받아 앓고 있지 않은 경우,55%,28%,28%,28%,28%,28%,28%,28%,28%,28%
,,,,,,,2,있음 (Present) 현재 이상지질혈증을 진단받아 앓고 있는 경우,45%,23%,23%,23%,23%,23%,23%,23%,23%,23%
,,기타,2,,4,,,,,,,,,,,,,
약물력,,혈압약,1,,4,,1,혈압약을 복용하고 있지 않다.,80%,40%,40%,40%,40%,40%,40%,40%,40%,40%
,,,,,,,2,혈압약을 복용하고 있다.,20%,10%,10%,10%,10%,10%,10%,10%,10%,10%
,,당뇨약,1,,4,,1,당뇨약을 복용하고 있지 않다.,90%,45%,45%,45%,45%,45%,45%,45%,45%,45%
,,,,,,,2,당뇨약을 복용하고 있다.,10%,5%,5%,5%,5%,5%,5%,5%,5%,5%
,,이상지질혈증약,1,,4,,1,이상지질혈증약을 복용하고 있지 않다.,75%,38%,38%,38%,38%,38%,38%,38%,38%,38%
,,,,,,,2,이상지질혈증약을 복용하고 있다.,25%,13%,13%,13%,13%,13%,13%,13%,13%,13%
,,수면제 ,1,,4,,1,수면제를 복용하고 있지 않다.,95%,48%,48%,48%,48%,48%,48%,48%,48%,48%
,,,,,,,2,수면제를 복용하고 있다.,5%,3%,3%,3%,3%,3%,3%,3%,3%,3%
,,항우울제,1,,4,,1,항우울제를 복용하고 있지 않다.,97%,49%,49%,49%,49%,49%,49%,49%,49%,49%
,,,,,,,2,항우울제를 복용하고 있다.,3%,2%,2%,2%,2%,2%,2%,2%,2%,2%
,,항불안제,1,,4,,1,항불안제를 복용하고 있지 않다.,97%,49%,49%,49%,49%,49%,49%,49%,49%,49%
,,,,,,,2,항불안제를 복용하고 있다.,3%,2%,2%,2%,2%,2%,2%,2%,2%,2%
사회력,술,월간 음주 횟수,1,,4,"비음주자, 술을 전혀 마시지 않음, 금주 중",1,월간 음주 횟수가 0회입니다.,40%,20%,20%,20%,20%,20%,20%,20%,20%,20%
,,,,,,특별한날에만마심,2,월간 음주 횟수가 1회에서 4회 사이입니다.,30%,15%,15%,15%,15%,15%,15%,15%,15%,15%
,,,,,,"주1~2회, 정기적으로마시는편",3,월간 음주 횟수가 5회에서 8회 사이입니다.,15%,8%,8%,8%,8%,8%,8%,8%,8%,8%
,,,,,,"자주마심, 주2~3회이상, 거의격일로마시는편, 습관적인음주",4,월간 음주 횟수가 9회에서 15회 사이입니다.,10%,5%,5%,5%,5%,5%,5%,5%,5%,5%
,,,,,,"매우자주마심, 매일술을마시는편",5,월간 음주 횟수가 16회 이상입니다.,5%,3%,3%,3%,3%,3%,3%,3%,3%,3%
,,1회당 음주량,1,,4,술을 거의 못 마심,1,1회 음주량이 2잔 이하입니다.,30%,15%,15%,15%,15%,15%,15%,15%,15%,15%
,,,,,,가볍게한잔,2,"1회 음주량이 남성은 3~4잔, 여성은 3잔입니다.",20%,10%,10%,10%,10%,10%,10%,10%,10%,10%
,,,,,,기분좋을정도,3,"1회 음주량이 남성은 5~6잔(약 1병 미만), 여성은 4잔(약 반 병)입니다.",20%,10%,10%,10%,10%,10%,10%,10%,10%,10%
,,,,,,"꽤많이마심, 취해서얼굴이빨개짐",4,"1회 음주량이 남성은 7~9잔(약 1병 ~ 1병 반), 여성은 5~6잔(약 1병 미만)입니다.",20%,10%,10%,10%,10%,10%,10%,10%,10%,10%
,,,,,,과음,5,"1회 음주량이 남성은 10잔 이상(약 1병 반 이상), 여성은 7잔 이상(1병 이상)입니다.",10%,5%,5%,5%,5%,5%,5%,5%,5%,5%
,담배,일간 개피,1,,4,,1,비흡연자이거나 하루 흡연량이 0개비입니다.,80%,40%,40%,40%,40%,40%,40%,40%,40%,40%
,,,,,,,2,하루 흡연량이 1개비에서 9개비 사이입니다.,5%,3%,3%,3%,3%,3%,3%,3%,3%,3%
,,,,,,,3,하루 흡연량이 10개비에서 19개비 사이입니다 (반 갑 ~ 한 갑 미만).,10%,5%,5%,5%,5%,5%,5%,5%,5%,5%
,,,,,,,4,하루 흡연량이 20개비에서 29개비 사이입니다 (한 갑 ~ 한 갑 반).,3%,2%,2%,2%,2%,2%,2%,2%,2%,2%
,,,,,,,5,하루 흡연량이 30개비 이상입니다 (한 갑 반 이상).,2%,1%,1%,1%,1%,1%,1%,1%,1%,1%
,,총 흡연기간,1,,4,,1,비흡연자입니다.,80%,40%,40%,40%,40%,40%,40%,40%,40%,40%
,,,,,,,2,총 흡연 기간이 1년 미만입니다.,2%,1%,1%,1%,1%,1%,1%,1%,1%,1%
,,,,,,,3,총 흡연 기간이 1년에서 3년 사이입니다.,5%,3%,3%,3%,3%,3%,3%,3%,3%,3%
,,,,,,,4,총 흡연 기간이 3년에서 10년 사이입니다.,8%,4%,4%,4%,4%,4%,4%,4%,4%,4%
,,,,,,,5,총 흡연 기간이 10년 이상입니다.,15%,8%,8%,8%,8%,8%,8%,8%,8%,8%
,운동,주간 횟수,2,,4,,1,주간 운동 횟수가 0회입니다.,40%,20%,20%,20%,20%,20%,20%,20%,20%,20%
,,,,,,,2,주간 운동 횟수가 1회에서 2회 사이입니다.,20%,10%,10%,10%,10%,10%,10%,10%,10%,10%
,,,,,,,3,주간 운동 횟수가 3회에서 4회 사이입니다.,20%,10%,10%,10%,10%,10%,10%,10%,10%,10%
,,,,,,,4,주간 운동 횟수가 5회에서 6회 사이입니다.,10%,5%,5%,5%,5%,5%,5%,5%,5%,5%
,,,,,,,5,주간 운동 횟수가 7회 이상입니다 (매일).,10%,5%,5%,5%,5%,5%,5%,5%,5%,5%
,,1회당 평균 운동 시간,2,,4,,1,1회당 평균 운동 시간이 0분입니다.,40%,20%,20%,20%,20%,20%,20%,20%,20%,20%
,,,,,,,2,1회당 평균 운동 시간이 1분에서 19분 사이입니다.,10%,5%,5%,5%,5%,5%,5%,5%,5%,5%
,,,,,,,3,1회당 평균 운동 시간이 20분에서 40분 사이입니다.,20%,10%,10%,10%,10%,10%,10%,10%,10%,10%
,,,,,,,4,1회당 평균 운동 시간이 41분에서 60분 사이입니다.,20%,10%,10%,10%,10%,10%,10%,10%,10%,10%
,,,,,,,5,1회당 평균 운동 시간이 60분을 초과합니다.,10%,5%,5%,5%,5%,5%,5%,5%,5%,5%
,,운동 강도,2,,4,"산책 수준, 거의 안 힘듦",1,"매우 낮은 강도, 전혀 힘들지 않고, 호흡 변화가 거의 없음. 가벼운 산책, 스트레칭",15%,8%,8%,8%,8%,8%,8%,8%,8%,8%
,,,,,,가벼운활동,2,"저강도, 편안하게 느껴지며, 호흡이 약간 깊어짐. 노래를 부를 수 있는 수준. 천천히 걷기, 가벼운 요가",30%,15%,15%,15%,15%,15%,15%,15%,15%,15%
,,,,,,약간숨이참,3,"중강도, 숨이 차지만, 옆 사람과 대화는 가능한 수준. 땀이 나기 시작함. 빠르게 걷기, 가벼운 조깅, 자전거 타기, 배드민턴",40%,20%,20%,20%,20%,20%,20%,20%,20%,20%
,,,,,,숨이턱밑까지차오름,4,"고강도, 숨이 매우 차서 대화가 거의 불가능한 수준. 말을 해도 단어로 끊어서 해야 함. 달리기, 수영, 등산, 축구",10%,5%,5%,5%,5%,5%,5%,5%,5%,5%
,,,,,,온몸의기력을쥐어짜는수준,5,"최대 강도, 전력을 다하는 수준. 몇 초에서 몇 분 이상 지속하기 어려움. 전력 질주, 고중량 웨이트 트레이닝",5%,3%,3%,3%,3%,3%,3%,3%,3%,3%
남성여성력,"여성력(가임기 여성 기준. 초경전, 임신, 폐경자 제외)",생리주기,1,,3,생리주기가 매우 짧음,1,생리 주기가 17일 이하이다.,5%,,3%,3%,3%,3%,3%,3%,3%,3%
,,,,,,생리주기가 짧은 편,2,생리 주기가 18일에서 20일 사이이다.,5%,,3%,3%,3%,3%,3%,3%,3%,3%
,,,,,,생리주기가 정상,3,생리 주기가 21일에서 35일 사이이다.,80%,40%,40%,40%,40%,40%,40%,40%,40%,40%
,,,,,,생리주기가 긴 편,4,생리 주기가 36일에서 39일 사이이다.,5%,3%,,3%,3%,3%,3%,3%,3%,3%
,,,,,,생리주기가 매우 김,5,생리 주기가 40일 이상이다,5%,3%,,3%,3%,3%,3%,3%,3%,3%
,,생리규칙성,1,,3,무월경,1,3개월 이상 생리가 없음.,5%,3%,,,,,,,3%,3%
,,,,,,생리주기가 규칙적,2,생리 주기가 2일 이내로 거의 일정함.,40%,25%,25%,25%,25%,25%,25%,25%,25%,25%
,,,,,,생리주기가 불규칙,3,생리 주기가 3~6일 정도 변동함.,40%,20%,20%,20%,20%,20%,20%,20%,20%,20%
,,,,,,생리주기가 매우 불규칙,4,생리 주기가 7일 이상 계속 변동함.,15%,8%,,,`,,,,8%,8%
,,생리기간,1,,3,생리기간이 매우 짧음,1,생리 기간이 2일 이하이다.,2%,1%,1%,1%,1%,1%,1%,1%,1%,1%
,,,,,,생리기간이짧은편,2,생리 기간이 3일이다.,3%,2%,2%,2%,2%,2%,2%,2%,2%,2%
,,,,,,생리기간이 정상,3,생리 기간이 4일에서 7일 사이이다.,90%,45%,45%,45%,45%,45%,45%,45%,45%,45%
,,,,,,생리기간이긴편,4,생리 기간이 8일에서 10일 사이이다.,3%,2%,2%,2%,2%,2%,2%,2%,2%,2%
,,,,,,생리기간이매우김,5,생리 기간이 11일 이상이다.,2%,1%,1%,1%,1%,1%,1%,1%,1%,1%
,,생리 양,1,,3,생리 양이 매우 적음,1,생리대를 거의 적시지 않고 팬티라이너로 충분함.,5%,3%,,3%,3%,3%,3%,3%,3%,3%
,,,,,,생리 양이 적은 편,2,양이 많은 날에도 소형~중형 생리대를 2~3번만 갈아도 됨.,40%,20%,20%,20%,20%,20%,20%,20%,20%,20%
,,,,,,생리 양이 보통,3,양이 많은 날 중형~대형 생리대를 2~3시간마다 교체함.,40%,20%,20%,20%,20%,20%,20%,20%,20%,20%
,,,,,,생리양이많은편,4,양이 많은 날 대형~오버나이트를 1~2시간마다 교체해야 함.,10%,5%,5%,5%,5%,5%,5%,5%,5%,5%
,,,,,,생리양이매우많음,5,오버나이트를 해도 1시간 이내에 샘. 덩어리혈이 많음.,5%,,3%,,,,,,3%,
,,생리통강도,1,,3,생리통 전혀 없음,1,"없음, 0점. 전혀 아프지 않음.",5%,3%,,3%,3%,3%,3%,3%,3%,3%
,,,,,,생리하는구나' 정도의가벼운통증,2,"경미, 1~3점. 아랫배가 약간 뻐근하지만, 일상생활에 지장이 없음.",30%,15%,15%,15%,15%,15%,15%,15%,15%,15%
,,,,,,진통제없이는생리통 견디기힘듦,3,"중등도, 4~6점. 진통제가 필요하며, 일상생활에 약간의 지장을 줌.",30%,15%,15%,15%,15%,15%,15%,15%,15%,15%
,,,,,,생리통이 배가뒤틀리듯아픔,4,"심함, 7~8점. 진통제를 먹어도 통증이 계속되고, 허리가 끊어질 듯 아프며 눕고 싶음.",30%,15%,15%,15%,15%,15%,15%,15%,15%,15%
,,,,,,생리통이 너무아파서데굴데굴 구를 정도,5,"매우 심함, 9~10점. 통증으로 구토나 실신을 경험하며, 응급실에 가야 할 정도.",5%,,3%,,,,,,3%,
,,생리혈 덩어리여부,1,,2,,1,"없음, ",30%,15%,15%,15%,15%,15%,15%,15%,,15%
,,,,,,,2,"경미, 약간 있으나 육안적으로 확인이 어려운 수준. 지름 5mm 내외. ",40%,20%,20%,20%,20%,20%,20%,20%,20%,20%
,,,,,,,3,"중등도, 덩어리가 육안적으로 확인이 가능함. 지름 5mm-10mm 내외.",20%,10%,10%,10%,10%,10%,10%,10%,20%,10%
,,,,,,,4,"심함,덩어리가 많고 뭉쳐져 있음 . 지름 10mm -20mm 내외",5%,3%,3%,3%,3%,3%,3%,3%,5%,3%
,,,,,,,5,"매우 심함, 덩어리가 많고 크며 뭉쳐져 있음 . 지름-20mm 이상",5%,,,,,,,,5%,
,,생리혈 색,1,,3,분홍색 / 옅은 붉은색,1,,5%,3%,,3%,3%,3%,3%,3%,,3%
,,,,,,선홍색 / 선명한 붉은색,2,,10%,5%,5%,5%,5%,5%,5%,5%,,5%
,,,,,,진한 붉은색 / 검붉은색,3,,40%,20%,20%,20%,20%,20%,20%,20%,20%,20%
,,,,,,갈색 / 오래된 피 색깔,4,,40%,,20%,,,20%,20%,20%,20%,20%
,,,,,,흑갈색 / 검은색,5,,5%,,3%,,,,,,3%,
가족력,,고혈압,1,,4,,1,"없음 (Absent), 직계 가족 중 고혈압을 진단받은 사람이 없는 것이 확실한 경우.",50%,25%,25%,25%,25%,25%,25%,25%,25%,25%
,,,,,,,2,"있음 (Present), 직계 가족 (부모, 형제자매, 자녀) 중 고혈압을 진단받은 사람이 있는 경우.",50%,25%,25%,25%,25%,25%,25%,25%,25%,25%
,,당뇨,1,,4,,1,"없음 (Absent), 직계 가족 중 당뇨를 진단받은 사람이 없는 것이 확실한 경우.",70%,35%,35%,35%,35%,35%,35%,35%,35%,35%
,,,,,,,2,"있음 (Present), 직계 가족 (부모, 형제자매, 자녀) 중 당뇨를 진단받은 사람이 있는 경우.",30%,15%,15%,15%,15%,15%,15%,15%,15%,15%
,,심장병,1,,4,,1,"없음 (Absent), 직계 가족 중 심장병을 진단받은 사람이 없는 것이 확실한 경우.",80%,40%,40%,40%,40%,40%,40%,40%,40%,40%
,,,,,,,2,"있음 (Present), 직계 가족 (부모, 형제자매, 자녀) 중 심장병을 진단받은 사람이 있는 경우.",20%,10%,10%,10%,10%,10%,10%,10%,10%,10%
,,중풍,1,,4,,1,"없음 (Absent), 직계 가족 중 중풍을 진단받은 사람이 없는 것이 확실한 경우.",90%,45%,45%,45%,45%,45%,45%,45%,45%,45%
,,,,,,,2,"있음 (Present), 직계 가족 (부모, 형제자매, 자녀) 중 중풍을 진단받은 사람이 있는 경우.",10%,5%,5%,5%,5%,5%,5%,5%,5%,5%
,,기타,2,,4,,,,,,,,,,,,,
환자 현재 상태-식변면한한열,식사 량,1일 식사횟수,,,4,,1,하루 식사 횟수가 1회입니다.,10%,5%,5%,5%,5%,5%,5%,5%,5%,5%
,,,,,,,2,하루 식사 횟수가 2회입니다.,30%,15%,15%,15%,15%,15%,15%,15%,15%,15%
,,,,,,,3,하루 식사 횟수가 3회입니다.,50%,25%,25%,25%,25%,25%,25%,25%,25%,25%
,,,,,,,4,하루 식사 횟수가 4회입니다.,5%,3%,3%,3%,3%,3%,3%,3%,3%,3%
,,,,,,,5,"하루 식사 횟수가 5회 이상이며, 소식(小食)으로 조금씩 자주 먹는 편입니다.",5%,3%,3%,3%,3%,3%,3%,3%,3%,3%
,,식사 규칙성,,,4,식사 시간이 늘 똑같음,1,매우 규칙적,5%,3%,3%,3%,3%,3%,3%,3%,3%,3%
,,,,,,거의 정해진 시간에 식사함,2,"규칙적, 거의 정해진 시간에 규칙적으로 식사함.",30%,15%,15%,15%,15%,15%,15%,15%,15%,15%
,,,,,,식사 시간이 들쑥날쑥함,3,왔다갔다 함. 식사 시간이 규칙적이다가 불규칙적이다가 함,30%,15%,15%,15%,15%,15%,15%,15%,15%,15%
,,,,,,식사 시간이 매번 다름,4,"불규칙, 주로 아침을 거르고 점심, 저녁에 과식하는 경향.",30%,15%,15%,15%,15%,15%,15%,15%,15%,15%
,,,,,,식사 시간이 매우 불규칙적,5,"매우 불규칙, 식사 시간이 매일 다르고 폭식과 결식을 반복함.",5%,3%,3%,3%,3%,3%,3%,3%,3%,3%
,,1일 평균 식사량,,,3,식사량이 매우 적음,1,"한 공기 미만/1일 기준으로 먹어도 배가 부르거나, 식욕이 전혀 없음.",20%,10%,1%,5%,5%,5%,5%,5%,5%,5%
,,,,,,식사량이 적은 편,2,1-2공기/1일 기준. 남들보다 적게 먹는 편.,30%,20%,5%,10%,10%,10%,10%,10%,10%,10%
,,,,,,식사량이 보통,3,3공기/1일 기준 정도. 식후에 불편함 없이 적당한 포만감을 느낌.,40%,20%,20%,20%,20%,20%,20%,20%,20%,20%
,,,,,,식사량이 많음,4,"4공기-5공기/1일 기준, 과식 경향,. 배가 불러도 계속 먹는 경향이 있음.",10%,0%,10%,10%,10%,10%,10%,10%,10%,10%
,,,,,,식사량이 매우 많음,5,"5공기 이상/1일 기준 폭식, 배가 터질 것 같은 느낌이 들 때까지 먹음.",1%,0%,5%,,,,,,5%,5%
,식사시간,1회 평균식사시간,,,4,식사시간이 매우 빠름,1,1회 평균 식사 시간이 5분 이내이다.,10%,5%,5%,5%,5%,5%,5%,5%,5%,5%
,,,,,,식사시간이빠른편,2,1회 평균 식사 시간이 5분에서 15분 미만이다.,50%,25%,25%,25%,25%,25%,25%,25%,25%,25%
,,,,,,식사시간이적정함,3,1회 평균 식사 시간이 15분에서 30분 사이이다.,30%,15%,15%,15%,15%,15%,15%,15%,15%,15%
,,,,,,식사시간이느린편,4,1회 평균 식사 시간이 30분을 초과한다.,5%,3%,3%,3%,3%,3%,3%,3%,3%,3%
,,,,,,식사시간이매우느림,5,1회 평균 식사 시간이 45분 이상이다.,5%,3%,3%,3%,3%,3%,3%,3%,3%,3%
,소화여부,소화정도,,,2,뭘 먹어도 속이 편안함,1,"매우 좋음, 소화와 관련하여 어떤 불편감도 전혀 느끼지 않는 최상의 상태. 어떤 음식을 먹어도 늘 속이 편안함.",0%,,,,,,,,,
,,,,,,"소화 잘 시킴, 속이 건강한 편",2,"좋은 편, 평소에는 대체로 소화가 잘 되지만, 과식하거나 기름진 음식을 먹는 등 특정 상황에서만 가끔 더부룩함을 느낌.",10%,,5%,,,,,,,
,,,,,,"속이 자주 더부룩함, 소화가 더딘 편",3,"중등도 불편, 소화불량을 주기적으로(주 2~3회) 느끼며, 자주 속이 더부룩하고 가스가 차는 등 일상적인 불편감이 있음.",50%,10%,10%,10%,10%,10%,10%,10%,10%,10%
,,,,,,거의 매일 속이 불편함,4,"나쁜 편, 거의 매일 소화불량을 느끼며, 더부룩함을 넘어 명치 통증, 속쓰림, 신물 역류 등 뚜렷한 통증을 자주 경험함.",30%,20%,20%,20%,20%,20%,20%,20%,20%,20%
,,,,,,만성적인 소화불량,5,"매우 나쁨, 소화 기능이 만성적으로 저하되어, 식사와 관계없이 늘 속이 불편함. ",10%,15%,15%,15%,15%,15%,15%,15%,15%,15%
,,입맛,,,2,"음식 생각이 안 남, 밥맛이 없음",1,"식욕 없음, 음식에 대한 생각이나 욕구 자체가 전혀 없는 상태.",30%,5%,0%,5%,5%,5%,5%,5%,5%,5%
,,,,,,배는고픈데땡기는음식이없음,2,"입맛 저하, 배는 고픈 것을 느끼지만 특정 음식이 당기거나 '먹고 싶다'는 적극적인 욕구가 없는 상태.",40%,15%,15%,15%,15%,15%,15%,15%,15%,15%
,,,,,,때가되면자연스럽게배고픔,3,"보통, 식사 시간이 되면 자연스럽게 배고픔을 느끼고, 음식을 맛있게 섭취함.",20%,20%,20%,20%,20%,20%,20%,20%,20%,20%
,,,,,,입맛이늘좋음,4,"식욕 좋음, 항상 입맛이 좋은 편.",10%,,5%,5%,5%,5%,5%,5%,5%,5%
,,,,,,식욕이왕성함,5,"식욕 항진, 식욕이 과도하게 왕성하여 스스로 조절하는 데 어려움을 겪으며, 포만감을 느껴도 계속 먹고 싶은 충동이 있음.",0%,,5%,,,,,,,
,대변,대변 횟수,,,2,대변 횟수가 매우 적음,1,대변 횟수가 3~4일에 1회 이하이거나 주 2회 이하이다.,10%,,5%,5%,,5%,,5%,5%,5%
,,,,,,대변 횟수가 다소 적음,2,대변 횟수가 이틀에 1회 정도이거나 주 3회에서 4회 사이이다.,20%,10%,20%,10%,10%,20%,10%,10%,10%,10%
,,,,,,대변 횟수가 정상,3,대변 횟수가 하루 1~2회이거나 주 5회에서 10회 사이이다.,40%,20%,20%,20%,20%,20%,20%,20%,20%,20%
,,,,,,대변횟수가다소잦음,4,대변 횟수가 하루 2~3회이거나 주 10회에서 21회 사이이다.,20%,10%,5%,10%,10%,5%,10%,10%,10%,10%
,,,,,,대변횟수가매우잦음,5,대변 횟수가 하루 3~4회이거나 주 22회 이상이다.,10%,5%,1%,5%,5%,1%,5%,5%,5%,5%
,,대변 색,,,3,황금색 / 밝은 노란색,1,,5%,3%,0%,3%,3%,3%,3%,3%,,3%
,,,,,,황토색 / 진한 노란색,2,,5%,3%,3%,3%,3%,3%,3%,3%,,3%
,,,,,,황갈색 / 된장색,3,,40%,23%,23%,23%,23%,23%,23%,23%,,23%
,,,,,,진한 갈색 / 고동색,4,,45%,23%,23%,23%,23%,23%,23%,23%,23%,23%
,,,,,,녹갈색 / 짙은 풀색,5,,3%,,3%,,,3%,3%,3%,3%,3%
,,,,,,흑갈색 / 먹물색,6,,2%,,,,,,,,3%,
,,대변 굳기(형태),,,2,단단한 염소 똥 모양,1,,5%,,5%,,,5%,,,,
,,,,,,"딱딱, 울퉁불퉁한 소시지 모양",2,,10%,,10%,,,10%,10%,,10%,10%
,,,,,,표면이 갈라진 소시지 모양,3,,30%,15%,15%,15%,15%,15%,15%,15%,15%,15%
,,,,,,부드러운 떡가래 모양,4,,30%,15%,,15%,15%,15%,15%,15%,15%,15%
,,,,,,물렁물렁한 수제비 모양,5,,10%,5%,,5%,5%,,5%,5%,5%,5%
,,,,,,죽처럼 풀어진 모양,6,,10%,5%,,5%,5%,,5%,,5%,5%
,,,,,,고형성분이 없는 물 설사,7,,5%,,,,5%,,,,,
,,배변 후 불편감,,,3,"배변 후 매우 시원함, 쾌변",1,배변 후 느낌이 매우 상쾌하다.,10%,5%,5%,5%,5%,5%,5%,5%,5%,5%
,,,,,,배변 후 시원하고 개운함,2,배변 후 느낌이 상쾌하다.,20%,15%,15%,15%,15%,15%,15%,15%,15%,15%
,,,,,,배변 후 불편함 없이 무난함,3,"보통, 배변 후 느낌이 불쾌하지도 상쾌하지도 않다.",40%,20%,20%,20%,20%,20%,20%,20%,20%,20%
,,,,,,배변 후 시원하지 않고 답답함,4,배변 후 느낌이 불쾌하고 어딘가 모르게 시원치 않다.,20%,5%,5%,5%,5%,10%,5%,5%,5%,5%
,,,,,,배변 후 배가 더 불편해진 것 같음,5,배변 후 느낌이 매우 불쾌하고 시원치 않다.,10%,,5%,,,,5%,5%,5%,5%
,,배변 후 잔변감(강도),,,4,배변 후 남은 느낌이 전혀 없음,1,"없음, 배변 후 불편감이 전혀 없는 상태.",10%,5%,5%,5%,5%,5%,5%,5%,5%,5%
,,,,,,배변 후 뒤끝이 살짝 찝찝함,2,"경미한 불편감, 약간 덜 본 것 같은 찝찝한 느낌이 들지만, 금방 잊어버리는 수준.",20%,15%,15%,15%,15%,15%,15%,15%,15%,15%
,,,,,,변이 남아있는 듯 자꾸 신경 쓰임,3,"중등도 불편감, 변이 남아있는 느낌이 분명하게 느껴져, 화장실에 더 앉아있게 되거나 일상 중에도 신경이 쓰임.",40%,20%,20%,20%,20%,20%,20%,20%,20%,20%
,,,,,,배변 후 화장실에 다시 가야 할 것 같음,4,"심한 불쾌감, 다시 화장실에 가고 싶다는 생각이 들 정도로 불쾌감이 심하며, 복부 팽만감이나 불편함을 동반함.",20%,5%,5%,5%,5%,10%,5%,5%,5%,5%
,,,,,,화장실 가도 간 것 같지 않음,5,"매우 심한 불쾌감, 화장실을 다녀와도 전혀 변을 보지 않은 것처럼 느껴질 정도로 극심한 불쾌감을 느끼며, 아무것도 할 수 없는 상태.",10%,,5%,,,,5%,5%,5%,5%
,소변,1일 소변 횟수(야간뇨 포함),,,2,소변 횟수가 매우 적음,1,1일 소변 횟수가 0회에서 2회 사이이다.,10%,,,,,,,,,
,,,,,,소변 횟수가 다소 적음,2,1일 소변 횟수가 3회에서 4회 사이이다.,20%,15%,15%,15%,15%,15%,15%,15%,15%,15%
,,,,,,소변 횟수가 정상,3,1일 소변 횟수가 5회에서 7회 사이이다.,40%,25%,25%,25%,25%,25%,25%,25%,25%,25%
,,,,,,소변 횟수가 잦은 편,4,1일 소변 횟수가 8회에서 10회 사이이다.,20%,,15%,15%,15%,15%,,15%,15%,15%
,,,,,,소변 횟수가 매우 잦음,5,1일 소변 횟수가 11회 이상이다.,10%,,,,,,,,,
,,야간뇨 횟수,,,2,밤에 소변 때문에 한 번도 안 깸,1,"정상, 야간뇨 횟수가 0회이다.",60%,,30%,,,,30%,,,
,,,,,,새벽에소변때문에한번일어남,2,"경미, 야간뇨 횟수가 1회이다.",25%,30%,30%,30%,30%,30%,30%,30%,30%,30%
,,,,,,소변때문에자꾸잠이끊김,3,"중등도, 야간뇨 횟수가 2회이다.",5%,10%,10%,10%,10%,10%,10%,10%,10%,10%
,,,,,,밤에자주 화장실에 감,4,"심함, 야간뇨 횟수가 3회에서 4회 사이이다.",5%,10%,,,10%,10%,,,,
,,,,,,밤새도록화장실들락날락,5,"매우 심함, 야간뇨 횟수가 5회 이상이다.",5%,,,,,,,,,
,,소변 색,,,2,무색 / 물처럼 맑은 색,1,,5%,5%,,5%,5%,,5%,5%,5%,5%
,,,,,,매우 옅은 노란색 / 레몬색,2,,10%,5%,,5%,5%,,5%,5%,5%,5%
,,,,,,옅은 노란색 / 볏짚색,3,,30%,17%,,17%,17%,17%,17%,17%,17%,17%
,,,,,,맑은 노란색,4,,35%,18%,18%,18%,18%,18%,18%,18%,18%,18%
,,,,,,다소 진한 노란색,5,,10%,5%,5%,5%,5%,5%,5%,5%,5%,5%
,,,,,,진한 노란색 / 꿀색,6,,5%,,5%,,,5%,5%,5%,5%,5%
,,,,,,주황색 / 호박색,7,,3%,,5%,,,5%,,,,
,,,,,,갈색 / 콜라색,8,,2%,,,,,,,,,
,,소변 굵기(소변줄기),,,3,소변 줄기가 힘이 없음,1,"매우 약함, 소변이 한 줄기로 나오지 않고 방울방울 떨어짐.",10%,,,10%,10%,10%,,,,
,,,,,,소변보는데시간이오래걸림,2,"약한 편, 줄기가 가늘고 힘이 없으며, 나오기 시작할 때까지 시간이 걸림.",20%,15%,15%,15%,15%,15%,15%,15%,15%,15%
,,,,,,소변이 시원하게나옴,3,"보통, 막힘없이 부드럽고 시원하게 나옴.",40%,25%,25%,25%,25%,25%,25%,25%,25%,25%
,,,,,,소변이시원하게콸콸나옴,4,"강한 편, 소변 줄기에 힘이 있음.",20%,10%,10%,,,,10%,10%,10%,10%
,,,,,,소변이매우세게나옴,5,"매우 강하고 급함, 갑자기 소변이 마려워 참기 힘들고, 줄기가 매우 세게 나옴.",10%,,,,,,,,,
,,소변 후 불편감,,,3,소변 보고 속이 아주 시원함,1,소변 후 느낌이 매우 상쾌하다.,20%,10%,10%,10%,10%,10%,10%,10%,10%,10%
,,,,,,소변 보고 시원하고 개운함,2,소변 후 느낌이 상쾌하다.,40%,25%,25%,25%,25%,25%,25%,25%,25%,25%
,,,,,,소변 보고 불편함 없이 무난함,3,"보통, 소변 후 느낌이 불쾌하지도 상쾌하지도 않다.",20%,12%,12%,12%,12%,12%,12%,12%,12%,12%
,,,,,,소변 보고 뭔가 불편함,4,소변 후 느낌이 불쾌하다.,10%,,7%,7%,7%,7%,,,,
,,,,,,소변 보고 전혀 개운치 않음,5,소변 후 느낌이 매우 불쾌하다.,10%,,,,,,,,,
,,배뇨 후 잔뇨감(강도),,,3,소변이 남은 느낌 없음,1,"없음, 잔뇨감이 전혀 없는 상태.",60%,35%,35%,35%,35%,35%,35%,35%,35%,35%
,,,,,,소변 후 살짝 찝찝함,2,"경미한 잔뇨감, 소변이 약간 덜 나온 것 같은 찝찝한 느낌이 들지만, 금방 잊어버리는 수준.",20%,12%,12%,12%,12%,12%,12%,12%,12%,12%
,,,,,,소변이 남아있는 것 같아 화장실에서 잘 못 나옴,3,"중등도 잔뇨감, 소변이 남아있는 느낌이 분명하게 느껴져, 화장실에 더 머무르거나 일상 중에도 신경이 쓰임.",10%,,5%,5%,5%,5%,5%,,,
,,,,,,소변 봐도 다시 마려움,4,"심한 잔뇨감, 소변을 본 직후에도 다시 화장실에 가고 싶다는 생각이 들 정도로 잔뇨감이 심하며, 아랫배의 불편함을 동반함.",5%,,,,,,,,,
,,,,,,소변을 아예 못 본 듯한 느낌,5,"매우 심한잔뇨감, 소변을 전혀 보지 않은 것처럼 느껴질 정도로 극심한 불쾌감을 느끼며, 아무것도 할 수 없는 상태.",5%,,,,,,,,,
,,"유뇨, 요실금 빈도",,,3,소변 실수가 전혀 없음,1,"없음, 요실금이 전혀 없는 상태.",60%,35%,35%,35%,35%,35%,35%,35%,35%,35%
,,,,,,소변 보고 한두 방울 팬티에 묻음,2,"경미한 요실금, 소변을 보고 나서 팬티에 거의 묻지 않음. ",20%,10%,10%,10%,10%,10%,10%,10%,10%,10%
,,,,,,소변 본 후 팬티가 가끔 젖음,3,"중등도 요실금, 소변을 보고 나서 팬티에 가끔 묻음",10%,5%,5%,5%,5%,5%,5%,5%,5%,5%
,,,,,,"소변이 자주 새어 나옴, 팬티가 축축하게 젖음",4,심한 요실금. 소변을 보고 나서 팬티에 자주 묻고 젖은 느낌이 있음. ,5%,,,,,,,,,
,,,,,,소변을 자주 지림,5,매우 심한 요실금. 소변을 보고 나서 팬티에 매번 묻어 속옷을 갈아입어야 함. ,5%,,,,,,,,,
,수면상태,기상시 상쾌도,,,2,아침에 일어나기가 너무 고통스러움,1,기상시 매우 힘들다,20%,10%,10%,10%,10%,10%,10%,10%,10%,10%
,,,,,,"일어나기힘듦, 몸이찌뿌둥하고개운치않음",2,기상시 힘들다,40%,20%,20%,20%,20%,20%,20%,20%,20%,20%
,,,,,,별로개운하지도피곤하지도않음,3,기상시 상쾌하지도 힘들지도 않다,30%,15%,15%,15%,15%,15%,15%,15%,15%,15%
,,,,,,"몸이가볍고개운함, 기분좋게일어남",4,기상시 상쾌하다,5%,3%,3%,3%,3%,3%,3%,3%,3%,3%
,,,,,,아침에눈이번쩍떠짐,5,기상시 매우 상쾌하다,5%,3%,3%,,,,,,,
,,수면 시간,,,3,수면 시간이 매우 부족,1,하루 평균 수면 시간이 4시간 이하이다.,5%,3%,3%,3%,3%,3%,3%,3%,3%,3%
,,,,,,수면 시간이 부족,2,하루 평균 수면 시간이 5시간에서 6시간 사이이다.,40%,20%,20%,20%,20%,20%,20%,20%,20%,20%
,,,,,,수면 시간이 적정함,3,하루 평균 수면 시간이 7시간에서 9시간 사이이다.,50%,25%,25%,25%,25%,25%,25%,25%,25%,25%
,,,,,,수면 시간이 다소 많음,4,하루 평균 수면 시간이 10시간이다.,3%,2%,2%,2%,2%,2%,2%,2%,2%,2%
,,,,,,수면 시간이 매우 많음,5,하루 평균 수면 시간이 11시간 이상이다.,2%,1%,1%,1%,1%,1%,1%,1%,1%,1%
,,수면 깊이,,,2,선잠 잠,1,"매우 얕음, 거의 잠을 못 잤다고 느낌.",5%,3%,3%,3%,3%,3%,3%,3%,3%,3%
,,,,,,잠을설침,2,"얕은 편, 깊이 잠들지 못하고, 꿈을 많이 꾸거나 하룻밤 내내 뒤척인 느낌.",30%,10%,10%,10%,10%,10%,10%,10%,10%,10%
,,,,,,그냥무난하게잠,3,"보통, 잠은 자지만 특별히 깊이 잤다는 느낌은 없음.",40%,25%,25%,25%,25%,25%,25%,25%,25%,25%
,,,,,,깊은잠을잠,4,"깊은 편, 대체로 깊이 자는 편이며, 아침에 일어나면 피로가 잘 풀려있음을 느낌.",20%,10%,10%,10%,10%,10%,10%,10%,10%,10%
,,,,,,"아주푹잠, 깊은숙면",5,"매우 깊음, 깊이 잠들며, 아침에 일어날 때 개운하고 상쾌함.",5%,3%,3%,3%,3%,3%,3%,3%,3%,3%
,,불면 빈도,,,2,잠 잘 잠,1,"없음, 수면에 문제가 없음.",35%,20%,20%,20%,20%,20%,20%,20%,20%,20%
,,,,,,가끔잠을설치는정도,2,"일시적, 특정 상황(시험, 여행, 중요한 일 등)에만 며칠 정도 잠을 설침.",30%,18%,18%,18%,18%,18%,18%,18%,18%,18%
,,,,,,자주잠들기힘듦,3,"간헐적, 주기적으로(주 1~3회) 잠들기 어렵거나 잠을 깊이 못 자는 증상이 나타나지만, 만성적이지는 않음.",20%,5%,5%,5%,5%,5%,5%,5%,5%,5%
,,,,,,"매일밤잠을설침, 자다가자꾸깸",4,"지속적, 거의 매일 밤 잠들기 어렵거나, 자다가 깨는 등 수면 문제를 겪고 있음.",10%,5%,5%,5%,5%,5%,5%,5%,5%,5%
,,,,,,"만성불면증, 밤마다잠못자서괴로움",5,"만성적, 수면 문제가 거의 매일 밤 나타나는 것이 1개월 이상 지속되어, 삶의 질 전반에 큰 영향을 줌.",5%,3%,3%,3%,3%,3%,3%,3%,3%,3%
,,꿈의 빈도 및 내용,,,3,꿈을 안 꾼 듯함,1,"기억 없음, 꿈을 거의 꾸지 않거나, 꿨더라도 아침에 전혀 기억나지 않음.",35%,20%,20%,20%,20%,20%,20%,20%,20%,20%
,,,,,,가끔꿈을꿨다고느낌,2,"가끔 꿈, 가끔 꿈을 꾸지만, 내용이 평범하거나 기분 좋은 꿈이며 수면에 방해되지 않음.",30%,15%,15%,15%,15%,15%,15%,15%,15%,15%
,,,,,,꿈을자주꾸는편,3,"자주 꿈, 잠을 자면 꿈을 꾸는 경우가 많다고 스스로 인지함. 내용이 특별히 스트레스 받지는 않음.",20%,10%,10%,10%,10%,10%,10%,10%,10%,10%
,,,,,,꿈자리가사납다,4,"악몽을 가끔 꿈, 꿈을 자주 꾸며, 내용이 복잡하거나, 쫓기거나, 스트레스 받는 내용이 많음.",10%,5%,5%,5%,5%,5%,5%,5%,5%,5%
,,,,,,매일밤악몽에시달림,5,"악몽을 자주 꿈, 거의 매일 밤 악몽을 꾸거나, 꿈이 너무 생생하여 현실과 구분되지 않는 느낌.",5%,,,,,,,,,
,,입면장애,,,2,,1,입면장애 없음. 누우면 바로 잠,30%,15%,15%,15%,15%,15%,15%,15%,15%,15%
,,,,,,,2,잠드는데 시간이 약간 걸림. 15분 내로 바로 잠,25%,15%,15%,15%,15%,15%,15%,15%,15%,15%
,,,,,,,3,누우면 잠드는데 시간이 걸림. 잠드는데 15-30분 걸림,25%,13%,13%,13%,13%,13%,13%,13%,13%,13%
,,,,,,,4,누우면 잠드는데 시간이 많이 걸림. 잠드는데 30-60분 걸림,15%,8%,8%,8%,8%,8%,8%,8%,8%,8%
,,,,,,,5,누우면 잠드는데 시간이 매우 많이 걸림. 잠드는데 1시간 이상 걸림,5%,,,,,3%,,,,
,,수면 중도 각성 횟수,,,2,,1,"깨지 않는다, 수면 중 깨는 횟수가 0회이다.",50%,28%,28%,28%,28%,28%,28%,28%,28%,28%
,,,,,,,2,수면 중 깨는 횟수가 1회이다.,30%,15%,15%,15%,15%,15%,15%,15%,15%,15%
,,,,,,,3,수면 중 깨는 횟수가 2회이다.,10%,5%,5%,5%,5%,5%,5%,5%,5%,5%
,,,,,,,4,수면 중 깨는 횟수가 3회이다.,5%,3%,3%,3%,3%,3%,3%,3%,3%,3%
,,,,,,,5,수면 중 깨는 횟수가 4회 이상이다.,5%,,,,,,,,,
,,수면 중도 각성 후 재입면 장애,,,2,자다 깨더라도 바로 다시 잠듦,1,수면 중 깨면 5분 이내 잠듦.,50%,28%,28%,28%,28%,28%,28%,28%,28%,28%
,,,,,,자다깨더라도 뒤척이다가다시잠듦.,2,수면 중 깨면 약 10~20분 이내 잠듦.,30%,15%,15%,15%,15%,15%,15%,15%,15%,15%
,,,,,,"자다깨면정신이말똥말똥해지고, 다시 잠들려면 오래 걸림",3,수면 중 깨면 약 20~60분 이내 잠듦.,10%,5%,5%,5%,5%,5%,5%,5%,5%,5%
,,,,,,자다 깨면다시 잠들기 어려움,4,수면 중 깨면 다시 잠드는데 1시간 이상 걸림.,5%,3%,3%,3%,3%,3%,3%,3%,3%,3%
,,,,,,자다 깨면 날 샘,5,수면 중 한번 깨면 아침까지 전혀 다시 잠들지 못함.,5%,,,,,,,,,
,땀,일상 생활에서 땀 량,,,2,"땀이 안 나는 체질, 무한증 경향",1,"땀이 없음, 더워도 땀이 잘 나지 않고, 몸이 답답함.",10%,,,,,,,,,
,,,,,,"땀을적게흘리는편, 땀이잘안남",2,"땀이 적음, 사우나 가거나 운동할 때만 땀이 난다.",20%,10%,10%,,10%,10%,10%,10%,10%,10%
,,,,,,적당히땀을흘림,3,"정상, 덥거나 운동할 때 적당히 땀을 흘림.",40%,30%,30%,30%,30%,30%,30%,30%,30%,30%
,,,,,,땀이많은편,4,"땀이 다소 많음, 다른 사람에 비해 땀을 많이 흘리는 편임.",20%,10%,10%,10%,10%,10%,10%,10%,10%,10%
,,,,,,"다한증경향, 땀이줄줄흐름",5,"가만히 있어도 땀이 남, 낮에 특별한 활동 없이도 식은땀이 줄줄 흐름.",10%,,,5%,,,,,,
,,땀나는 시간대,,,2,당연한 상황에만 땀이 남,1,"정상, 운동하거나 더울 때, 긴장할 때만 땀이 남.",60%,37%,37%,37%,37%,,37%,37%,37%,37%
,,,,,,활동할때땀이많음,2,"낮 활동 시, 낮에 가만히 있거나 조금만 움직여도 땀이 줄줄 흐름.",15%,12%,12%,12%,12%,12%,12%,12%,12%,12%
,,,,,,"잠잘때식은땀, 도한(盜汗)",3,"수면 중, 잠자는 동안 옷이 젖을 정도로 식은땀을 흘리고, 잠에서 깨면 땀이 멈춤.",5%,,,,,10%,,,,
,,,,,,"식사시땀이남, 밥먹을때땀이많음",4,"식사 시, 특히 맵거나 뜨거운 음식을 먹을 때 머리나 얼굴, 등에서 땀이 비 오듯 함.",20%,,,,,,15%,15%,,
,,땀나는 부위,,,3,"얼굴 땀, 머리 땀, 상체 위주로 땀이 남",1,"머리와 얼굴 부위(머리, 이마, 얼굴, 목 등)에서 땀이 납니다.",30%,10%,10%,10%,10%,10%,10%,10%,10%,10%
,,,,,,손발이축축함,2,"팔다리, 손과 발 부위(손바닥, 발바닥 등)에서 땀이 납니다.",15%,8%,8%,8%,8%,8%,8%,8%,8%,8%
,,,,,,"등땀, 가슴땀, 몸통위주로땀이남",3,"가슴과 등 부위(가슴 중앙, 등 전체 또는 척추 라인)에서 땀이 납니다.",10%,5%,5%,5%,5%,5%,5%,5%,5%,5%
,,,,,,"겨드랑이땀, 사타구니/국부땀",4,"겨드랑이, 사타구니, 회음부에서 땀이 납니다.",15%,8%,8%,8%,8%,8%,8%,8%,8%,8%
,,,,,,특정부위구분없이땀이남,5,"전신, 즉 특정 부위 없이 온몸에서 땀이 납니다.",30%,20%,20%,20%,20%,20%,20%,20%,20%,20%
,,땀 흘린 뒤 느낌,,,2,땀 흘린 뒤 매우 개운함,1,땀을 흘린 뒤 매우 상쾌합니다.,10%,5%,5%,,5%,5%,5%,5%,5%,5%
,,,,,,땀 흘린 뒤 개운한 느낌이 듦,2,땀을 흘린 뒤 상쾌합니다.,20%,10%,10%,,10%,10%,10%,10%,10%,10%
,,,,,,땀 흘린 뒤 별 느낌 없음,3,땀을 흘린 뒤 지치지도 상쾌하지도 않습니다.,40%,20%,20%,,20%,20%,20%,20%,20%,20%
,,,,,,땀 흘린 뒤 기운 빠짐,4,땀을 흘린 뒤 지칩니다.,20%,,,10%,10%,10%,,,,
,,,,,,땀 흘리고 나니 오히려 몸이 힘듦,5,땀을 흘린 뒤 매우 지칩니다.,10%,,,5%,,,,,,
,한열경향,인체 한열(몸이 차고 더운 정도),,,1,"열이 많음, 몸에 열기가 많음",1,몸이 많이 뜨거운 편,10%,,10%,,,,,,,
,,,,,,약간열이있음,2,몸이 약간 뜨거운 편,20%,,13%,13%,,13%,13%,13%,13%,13%
,,,,,,보통 체온,3,차지도 뜨겁지도 않음,40%,25%,25%,25%,25%,25%,25%,25%,25%,25%
,,,,,,"손발이찬편, 냉한기운이있음",4,몸이 약간 찬 편,20%,13%,,13%,13%,13%,13%,13%,13%,13%
,,,,,,"몸이냉함, 심하게차가움",5,몸이 많이 찬 편,10%,10%,,,10%,,,,,
,,인체에서 비교적 따뜻한 부위,,,2,없음,1,,20%,10%,10%,10%,10%,10%,10%,10%,10%,10%
,,,,,,머리,2,,20%,10%,10%,10%,10%,10%,10%,10%,10%,10%
,,,,,,흉부,3,,20%,10%,10%,10%,10%,10%,10%,10%,10%,10%
,,,,,,복부(배 전체),4,,0%,0%,0%,0%,0%,0%,0%,0%,0%,0%
,,,,,,복부(아랫배),5,,0%,0%,0%,0%,0%,0%,0%,0%,0%,0%
,,,,,,"등, 허리",6,,0%,0%,0%,0%,0%,0%,0%,0%,0%,0%
,,,,,,"팔, 손",7,,20%,10%,0%,10%,10%,10%,10%,10%,10%,10%
,,,,,,"다리, 발",8,,20%,10%,0%,10%,10%,10%,10%,10%,10%,10%
,,인체에서 비교적 차가운 부위,,,2,없음,1,,13%,6%,6%,6%,,6%,6%,6%,6%,6%
,,,,,,머리,2,,13%,6%,6%,6%,,6%,6%,6%,6%,6%
,,,,,,흉부,3,,13%,6%,6%,6%,,6%,6%,6%,6%,6%
,,,,,,복부(배 전체),4,,13%,6%,6%,6%,6%,6%,6%,6%,6%,6%
,,,,,,복부(아랫배),5,,13%,6%,6%,6%,6%,6%,6%,6%,6%,6%
,,,,,,"등, 허리",6,,13%,6%,6%,6%,,6%,6%,6%,6%,6%
,,,,,,"팔, 손",7,,13%,6%,6%,6%,6%,6%,6%,6%,6%,6%
,,,,,,"다리, 발",8,,13%,6%,6%,6%,6%,6%,6%,6%,6%,6%
,,한열의 편재(상열하한),,,2,온몸의 온도가 균형 잡힘,1,없음,30%,15%,15%,15%,15%,15%,15%,15%,15%,15%
,,,,,,약간의상체열감/하체냉감,2,흉부 이상 윗부분은 미세하게 열감이 있고 아랫배 이하 부분은 미세하게 차가운 편으로 잘 못느낌,30%,15%,15%,15%,15%,15%,15%,15%,15%,15%
,,,,,,"위로열이잘오름, 아랫배가찬편",3,흉부 이상 윗부분은 약간 열감이 있고 아랫배 이하 부분은약간 차가운 편으로 일상생활에 별 지장이 없음,30%,15%,15%,15%,15%,15%,15%,15%,15%,15%
,,,,,,머리는뜨겁고발은차가움,4,흉부 이상 윗부분은 뜨겁고 아랫배 이하 부분은 차가운 편으로 일상생활에 약간 지장이 있음. ,5%,3%,3%,3%,3%,3%,3%,3%,3%,3%
,,,,,,"하체는냉골, 상체는불덩이",5,흉부 이상 윗부분은 매우 뜨겁고 아랫배 이하 부분은 매우 차가운 상태로 일상생활에 큰 지장이 있음. ,5%,3%,,,,3%,,,,
,,음료 온도 선호도,,,2,"찬 음료를 못 마심, 무조건 따뜻한 것",1,"찬 음료 회피, 찬 음료를 마시면 속이 불편해져서 반드시 따뜻하게 마심.",10%,5%,,,5%,,5%,5%,5%,5%
,,,,,,주로따뜻한것을마시는편,2,"따뜻한 음료 선호, 이왕이면 따뜻한 음료를 선택함.",20%,15%,,15%,15%,,15%,15%,15%,15%
,,,,,,찬것/따뜻한것모두잘마심,3,"상관없음, 날씨나 상황에 따라 가리지 않고 마심.",40%,20%,20%,20%,20%,20%,20%,20%,20%,20%
,,,,,,주로아이스(Ice) 음료 선호,4,"찬 음료 선호, 대부분 찬 음료를 선택하며, 마시면 시원하고 편안함을 느낌.",20%,,15%,15%,,15%,15%,15%,15%,15%
,,,,,,"얼죽아, 차가운것만마심",5,"따뜻한 음료 회피, 계절에 상관없이 얼음이 든 음료를 즐기며, 따뜻한 음료는 답답해서 싫어함.",10%,,5%,,,5%,5%,5%,5%,5%
,,추위 민감도,,,1,추위를 안 탐,1,"정상, 추위에 특별히 민감하지 않음.",30%,,30%,30%,,30%,30%,30%,30%,30%
,,,,,,"약간 추위를 탐, 찬 바람을 싫어함",2,"경미, 다른 사람은 괜찮은데, 에어컨이나 선풍기 바람을 직접 쐬는 것을 싫어함.",20%,15%,15%,15%,,15%,15%,15%,15%,15%
,,,,,,"추위를 잘 탐, 추위 많이 타는 체질",3,"중등도, 남들보다 옷을 더 껴입어야 하고, 추우면 기존 증상(통증 등)이 심해짐.",20%,15%,15%,15%,15%,15%,,,,
,,,,,,심한 추위 민감,4,"심함, 따뜻한 곳에 있어도 손발이 차고 몸이 시림. 찬 데서 자면 다음 날 몸이 쑤시고 힘듦.",20%,10%,,,10%,,,,,
,,,,,,"극심한 추위, 냉골 체질",5,"매우 심함, 이불을 덮고 있어도 뼛속까지 시린 느낌이 들고, 추워서 일상생활이 힘듦.",10%,5%,,,5%,,,,,
,,더위 민감도,,,1,더위를 안 탐,1,"정상, 더위에 특별히 민감하지 않음.",30%,30%,,30%,30%,30%,30%,30%,30%,30%
,,,,,,약간 더위를 탐,2,"경미, 남들보다 더위를 조금 더 타는 편. 온풍기 바람을 직접 쐬는 것을 답답해함.",20%,20%,20%,20%,20%,20%,20%,20%,20%,20%
,,,,,,"더위를 잘 탐, 더위 많이 타는 체질",3,"중등도, 더운 환경에 있으면 쉽게 지치고, 더우면 기존 증상(통증, 피부 가려움 등)이 심해짐.",20%,,15%,,,,,,,
,,,,,,"심한 더위 민감, 열이 많음",4,"심함, 더우면 가만히 있어도 손발이 화끈거리고 가슴이 답답함. 더운 데서 자면 다음 날 몸이 무겁고 힘듦.",20%,,10%,,,,,,,
,,,,,,"극심한 더위, 열에 취약함",5,"매우 심함, 조금만 더워도 참기 힘들고, 열감으로 인해 일상생활이 어려움. 더우면 온몸이 쑤시고 아픔.",10%,,5%,,,,,,,
환자 신체 부위별 증상/징후,전신 상태,물살/단단,,,3,"흐물흐물함, 물렁살, 물살이 잡힘",1,"매우 무름, 탄력이 거의 없고, 살이 흐물거리며, 만졌을 때 차가운 느낌이 들 수 있음.",10%,5%,5%,5%,5%,5%,,,,
,,,,,,"말랑말랑함, 물렁한살집, 부드러운편, 탄력없는살",2,"무른 편, 전체적으로 근육량이 적고 살이 부드러우며 탄력이 부족함.",20%,10%,10%,10%,10%,10%,10%,10%,10%,10%
,,,,,,살과 근육량이 적당함,3,"보통, 너무 무르지도, 단단하지도 않음. 적당한 탄력과 온도를 가짐.",40%,20%,20%,20%,20%,20%,20%,20%,20%,20%
,,,,,,"다부짐, 근육질, 단단한몸매, 꽉찬느낌, 잔근육이있음",4,"단단한 편, 근육이 잘 발달되어 있고, 전체적으로 몸이 다부진 느낌.",20%,10%,10%,10%,10%,10%,10%,10%,10%,10%
,,,,,,"돌덩이 같음, 아주 단단함, 강철 근육, 군살이 전혀 없음",5,"매우 단단함, 돌처럼 단단하고, 만졌을 때 압통이 있거나 열감이 느껴질 수 있음.",10%,5%,5%,5%,5%,5%,5%,5%,5%,5%
,,체력강약,,,2,"골골거림, 저질 체력, 힘이 하나도 없음, 만성 피로, 늘 지쳐있음, 기진맥진",1,"매우 약함, 항상 무기력하고 조금만 움직여도 숨이 참. 얼굴이 창백하고 어지럼증을 자주 느낌.",10%,5%,5%,5%,5%,5%,5%,5%,5%,5%
,,,,,,"허약체질, 기력이없음, 쉽게지침, 힘이없음, 평범한체력보다약함",2,"약한 편, 평소 기운이 없고 쉽게 피로해짐. 식욕이 없거나 식후에 잘 졸리고, 목소리에 힘이 없음.",20%,10%,10%,10%,10%,10%,10%,10%,10%,10%
,,,,,,"평균체력, 무난한체력",3,"보통, 일상생활에 필요한 체력을 가지고 있으며, 피로하면 휴식 후 잘 회복됨.",40%,25%,25%,25%,25%,25%,25%,25%,25%,25%
,,,,,,"체력좋음, 튼튼함, 기운이넘침",4,"강한 편, 활력이 넘치고, 웬만해서는 잘 지치지 않음. 잔병치레가 거의 없고 회복이 빠름.",20%,10%,10%,,,,10%,10%,10%,10%
,,,,,,"강철체력, 강인함, 지치지않음",5,"매우 강함, 체격이 건실하고 에너지가 넘쳐 주체하기 어려울 정도. 목소리가 매우 크고 우렁참.",10%,5%,5%,,,5%,5%,5%,5%,5%
,,피로감,,,2,전혀 안 피곤함,1,"거의 없음, 피로를 거의 느끼지 않으며, 아침에 일어날 때 몸이 개운하고 활력이 넘치는 최상의 컨디션 상태.",10%,5%,5%,,,5%,5%,5%,5%,5%
,,,,,,"컨디션이 괜찮은 편, 휴식하면 금방 회복됨",2,"경미, 일상생활에 큰 지장은 없으나 가벼운 피로가 있음.",20%,10%,10%,10%,10%,10%,10%,10%,10%,10%
,,,,,,"늘 피곤함, 개운하지 않음, 잠을 자도 피곤함",3,"중등도, 아침에 일어날 때부터 개운하지 않고, 하루 종일 전반적인 피로감이 지속됨. 일상생활은 가능하지만 의욕이나 집중력이 다소 저하됨.",40%,20%,20%,20%,20%,20%,20%,20%,20%,20%
,,,,,,"너무 지침, 온몸이 무거움, 녹초가 됨",4,"심함, 피로감이 심하여 뚜렷한 집중력 저하를 느끼며, 업무나 학업 등 일상적인 활동을 수행하는 것이 힘겹게 느껴짐.",20%,,,10%,10%,,,,,
,,,,,,"극도의 피로, 아무것도 할 수 없음, 번아웃(Burnout)",5,"매우 심함, 극심한 피로와 무기력감으로 인해 일상생활을 영위하는 것 자체가 어려움. 잠을 자거나 푹 쉬어도 피로가 전혀 회복되지 않는 느낌.",10%,,,5%,,,,,,
,,"신체통, 근육통 여부",,,2,통증없음,1,"없음, 몸살 기운이나 전신 통증을 전혀 느끼지 않음.",20%,10%,10%,10%,10%,10%,10%,10%,10%,10%
,,,,,,"약간뻐근함, 가벼운근육통",2,"경미, 일시적으로 몸이 뻐근하거나 약간 무거운 느낌이 들지만, 휴식 후 완전히 회복됨. 일상생활 지장 없음.",40%,25%,25%,25%,25%,25%,25%,25%,25%,25%
,,,,,,"온몸이쑤심, 삭신이쑤심",3,"중등도, 특별한 활동 없이도 몸이 찌뿌둥하거나 무겁고(예: 젖은 솜이 가라앉는 느낌), 여기저기 가벼운 통증이 느껴짐. 활동에 약간의 불편감을 줌.",20%,10%,10%,10%,10%,10%,10%,10%,10%,10%
,,,,,,"몸이돌덩이같음, 움직이기힘듦",4,"심함, 전신 근육통이나 몸살 기운이 뚜렷하며, 몸이 매우 무겁게 느껴져 활동하기가 힘듦. 집중력 저하 등을 동반하여 일상생활에 제약을 받음.",10%,10%,,10%,10%,10%,,,,
,,,,,,"누워있어야함, 몸져누움",5,"매우 심함, 극심한 전신 통증이나 몸살 기운, 혹은 몸을 가누기 힘들 정도의 무거움으로 인해, 기본적인 일상 활동조차 어려운 상태.",10%,,,,,,,,,
,,신중(身重) 여부,,,2,몸이 가벼움,1,"없음, 몸이 상쾌함 ",20%,10%,10%,10%,10%,10%,,10%,10%,10%
,,,,,,몸이 좀 굳은 느낌,2,"경미, 많이 걷거나 피곤할 때 잠깐 몸이 무거우며, 휴식 후 완전히 회복됨.",40%,25%,25%,25%,25%,25%,25%,25%,25%,25%
,,,,,,"몸이 은근히 무거움, 찌뿌둥함이 계속됨",3,"중등도, 피곤한 날 몸이 무거우며, 일상 중 불편감을 느낌.",20%,10%,10%,10%,10%,10%,10%,10%,10%,10%
,,,,,,몸이 천근만근 무거움,4,"심함, 몸이 무겁고 불편함을 뚜렷하게 느낌.",10%,5%,5%,5%,5%,5%,5%,5%,5%,5%
,,,,,,몸이 무거워 움직일 수 없음,5,"매우 심함, 몸이 매우 무겁고 삶의 질에 큰 지장을 줌.",10%,,,,,,5%,,,
,,부종여부,,,2,"전혀 안 부음, 붓기 없음",1,"없음, 부종을 거의 경험하지 않으며, 신체에 붓는 증상이 전혀 없음.",50%,25%,25%,,,25%,,25%,25%,25%
,,,,,,"일시적으로 부음, 잠깐 부었다가 빠짐",2,"경미, 많이 걷거나 짠 음식을 먹은 날 저녁처럼 특별한 원인이 있을 때만 잠깐 부으며, 휴식 후 완전히 회복됨.",30%,19%,19%,19%,19%,19%,19%,19%,19%,19%
,,,,,,"자주 부음, 아침저녁으로 붓기가 다름",3,"중등도, 피곤한 날 아침에 얼굴이 붓거나, 저녁이 되면 다리가 붓는 등 간헐적으로 붓기가 나타나며, 일상 중 불편감을 느낌.",10%,10%,10%,10%,10%,10%,10%,10%,10%,10%
,,,,,,"심하게 부음, 붓기가 잘 안 빠짐",4,"심함, 자주 부으며, 컨디션이 안 좋으면 붓기가 며칠씩 지속되기도 함. 붓기로 인해 몸이 무겁고 불편함을 뚜렷하게 느낌.",5%,,,5%,5%,5%,5%,5%,5%,5%
,,,,,,"늘 부어있음, 붓기가 안 빠짐",5,"매우 심함, 붓기가 거의 빠지지 않고 매일 부어있는 상태. 부종이 만성화되어 신발이 맞지 않거나, 양말 자국이 깊게 남는 등 삶의 질에 큰 지장을 줌.",5%,,,,5%,,,,,
,,"인체 부위의 출혈, 멍듬",,,3,멍이 잘 안 듦,1,"정상, 출혈이나 멍이 전혀 없음",50%,25%,25%,25%,25%,25%,25%,25%,,25%
,,,,,,세게 부딪혀야 멍이 듦,2,"경미, 평시에는 괜찮으나 세게 부딪히면 출혈이 있거나 멍이 가끔 생김",30%,20%,20%,20%,20%,20%,20%,20%,20%,20%
,,,,,,멍이 잘 드는 편,3,"중등도, 평시에는 괜찮으나 부딪히면 출혈이나 멍이 잘 생김",10%,20%,5%,5%,5%,5%,5%,5%,5%,5%
,,,,,,"아주 쉽게 멍이 듦, 자주 멍든 자국이 있음",4,"심함, 조금만 부딪혀도 출혈이나 멍이 잘 생김",5%,,,,,,,,5%,
,,,,,,조금만 스쳐도 멍이 남,5,"매우 심함, 특별히 부딪힌 기억이 없어도 출혈이나 멍이 잘 생김",5%,,,,,,,,5%,
,,평소 컨디션이 안좋을 때 불편한 부위와 증상,,,2,,1,없음,9%,5%,5%,5%,5%,5%,5%,5%,5%,5%
,,,,,,,2,"머리불편(두통, 두중감 )",9%,5%,5%,5%,5%,5%,5%,5%,5%,5%
,,,,,,,3,"뒷목, 어깨부위 불편함",9%,5%,5%,5%,5%,5%,5%,5%,5%,5%
,,,,,,,4,코부위 불편,9%,5%,5%,5%,5%,5%,5%,5%,5%,5%
,,,,,,,5,목부위 불편,9%,5%,5%,5%,5%,5%,5%,5%,5%,5%
,,,,,,,6,가슴부위 불편,9%,5%,5%,5%,5%,5%,5%,5%,5%,5%
,,,,,,,7,"복부불편(소화불량, 가스참, 더부룩함 등)",9%,5%,5%,5%,5%,5%,5%,5%,5%,5%
,,,,,,,8,변비 ,9%,5%,5%,5%,5%,5%,5%,5%,5%,5%
,,,,,,,9,설사,9%,5%,5%,5%,5%,5%,5%,5%,5%,5%
,,,,,,,10,"오한, 몸살(근육통, 요통, 등)",9%,5%,5%,5%,5%,5%,5%,5%,5%,5%
,,,,,,,11,"손, 발부위 불편함(냉증 등)",9%,5%,5%,5%,5%,5%,5%,5%,5%,5%
,,사지 무력감,,,2,팔다리에 힘이 잘 들어갑니다,1,정상,50%,30%,30%,30%,30%,30%,30%,30%,30%,30%
,,,,,,물건을 쥐는 힘이나 버티는 힘이 전보다 약해진 게 느껴져요,2,어느 정도의 저항에도 버틸 수 있습니다. 하지만 정상적인 힘보다는 약함,30%,15%,15%,15%,15%,15%,15%,15%,15%,15%
,,,,,,물건을 들다가 자꾸 놓쳐요,3,"중력은 이길 수 있으나(예: 팔을 들어 올리기), 저항을 가하면(예: 살짝 누르면) 바로 힘없이 떨어짐",10%,5%,5%,5%,5%,5%,5%,5%,5%,5%
,,,,,,팔이나 다리를 아예 들어 올릴 수가 없어요,4,중력을 이겨 움직이기 어려움,5%,,3%,,,,,,,
,,,,,,손가락 하나 까딱할 수 없어요,5,관절을 움직이기 어려움,5%,,3%,,,,,,,
,피부상태,피부트러블,,,4,"꿀피부, 도자기 피부, 잡티 없이 깨끗함",1,"매우 건강함, 피부 트러블이 거의 없는 깨끗한 상태. 환경이나 컨디션 변화에도 피부가 안정적임.",20%,10%,10%,10%,10%,10%,10%,10%,10%,10%
,,,,,,"가끔 뾰루지, 예민할 때만 올라옴",2,"경미, 평소에는 괜찮으나, 피곤하거나 스트레스를 받을 때 뾰루지가 한두 개 정도 일시적으로 올라옴.",40%,20%,20%,20%,20%,20%,20%,20%,20%,20%
,,,,,,"피부결이 거칠거칠함, 트러블이 늘 있음, 화장이 잘 안 먹음",3,"중등도, 붉은 염증은 적지만, 이마나 턱 주변에 좁쌀여드름이나 블랙헤드가 상시적으로 존재하여 피부결이 매끄럽지 않음.",20%,10%,10%,10%,10%,10%,10%,10%,10%,10%
,,,,,,"울긋불긋함, 심한 여드름",4,"심함, 붉고 아픈 화농성 여드름이 주기적으로 발생하며, 얼굴에 3~4개 이상의 트러블이 꾸준히 존재하여 불편감을 줌.",10%,,5%,,,5%,,,5%,
,,,,,,"피부가 엉망임, 얼굴 전체에 여드름 흉터가 심함",5,"매우 심함, 얼굴 전체에 걸쳐 붉은 화농성 또는 낭포성(결절성) 여드름이 만성적으로 존재함. 통증, 가려움, 흉터 등을 동반하여 삶의 질에 큰 지장을 줌.",10%,,5%,,,,,,,
,,피부 건조도,,,2,"촉촉함, 수분감 넘침",1,"정상, 피부에 당김이나 건조함이 전혀 없으며, 피부결이 매끄럽고 편안한 상태.",20%,10%,10%,10%,10%,,10%,10%,10%,10%
,,,,,,속당김,2,"경미, 겉으로는 괜찮아 보이나, 세안 후나 특정 환경에서 피부 속이 당기는 느낌(속당김)이 듦.",40%,20%,20%,20%,20%,20%,20%,20%,20%,20%
,,,,,,"피부가 당김, 각질이 보이기 시작함, 화장이 뜸",3,"중등도, 피부 표면이 당기는 것이 뚜렷하게 느껴지며, 입가나 뺨 주변에 미세한 각질이 하얗게 일어나기 시작함.",20%,10%,10%,10%,10%,10%,10%,10%,10%,10%
,,,,,,"피부가 거칠거칠함, 하얀 각질이 심함",4,"심함, 피부가 건조하여 각질이 눈에 띄게 일어나고 피부가 거칠어짐.",10%,,,,,5%,,,5%,
,,,,,,"피부가 갈라짐, 악건성, 피부가 당겨서 아픔",5,"매우 심함, 피부가 매우 건조하여, 하얀 각질을 넘어 피부 표면이 갈라짐(균열) ",10%,,,,,5%,,,,
,,피부 가려움,,,2,피부가 전혀 안 가려움,1,"정상, 피부에 가려움이 전혀 없으며, 피부결이 매끄럽고 편안한 상태.",50%,25%,25%,25%,25%,25%,25%,25%,25%,25%
,,,,,,피부가 약간 간지러움,2,"경미, 겉으로는 괜찮아 보이나, 세안 후나 특정 환경에서 가려움운 느낌(속당김)이 듦.",30%,15%,15%,15%,15%,15%,15%,15%,15%,15%
,,,,,,"피부가 꽤 가려움, 자꾸 긁고 싶음",3,"중등도, 피부 가려움이 뚜렷하게 느껴짐",10%,,5%,,,5%,,,5%,
,,,,,,"피부가 심하게 가려움, 계속 긁게 됨",4,"심함, 피부가 가렵고 긁어야 가려움증이 일시 사라지나 곧 다시 가려워짐",5%,,,,,3%,,,3%,
,,,,,,"피부가 미칠 듯이 가려움, 피가 나도록 긁음",5,"매우 심함, 피부가 매우 가렵고 긁어서 피가나도 계속 긁고 싶은 충동이 일어남. ",5%,,,,,3%,,,3%,
,얼굴,얼굴 색,,,1,얼굴 색이 희다,1,"얼굴빛이 핏기가 없이 창백하거나, 본래의 붉은 기운이 적고 하얗게 보이는 편.",20%,10%,,10%,10%,10%,10%,10%,,10%
,,,,,,얼굴 색이 황색성향,2,"얼굴빛이 전반적으로 노란 기운을 띠며, 맑은 느낌보다는 다소 누렇게 뜨는 경향이 있음.",40%,20%,20%,20%,20%,20%,20%,20%,20%,20%
,,,,,,얼굴 색이 붉은색 성향,3,"평소에도 얼굴 전체, 특히 양 볼이나 코끝이 다른 사람보다 붉은 편이며, 조금만 덥거나 긴장해도 쉽게 붉어짐.",30%,15%,15%,15%,15%,15%,15%,15%,15%,15%
,,,,,,얼굴 색이 적갈색 성향,4,"붉은 기운과 어두운 갈색 기운이 함께 섞여 있어, 안색이 맑지 않고 칙칙하게 보이는 경향이 있음.",5%,3%,3%,3%,3%,3%,3%,3%,3%,3%
,,,,,,얼굴 색이 흑색성향,5,"얼굴빛이 전반적으로 어둡거나 거무스름한 빛을 띰. 특히 눈 주변이나 이마, 턱 주변이 더 어둡게 보이는 경향이 있음.",5%,,,,,,,,,
,,얼굴 광택,,,1,"얼굴에 윤기가전혀없음, 생기없음",1,"윤기없음, 얼굴에 생기나 광택이 전혀 없고, 피부가 푸석푸석해 보이며 메마른 느낌을 줌.",20%,,,10%,10%,10%,10%,10%,10%,10%
,,,,,,얼굴에윤기가부족함,2,"윤기가 약간 있음, 피부가 전반적으로 칙칙하고 생기가 부족하지만, 아주 약간의 광택은 남아있는 상태.",30%,20%,20%,20%,20%,20%,20%,20%,20%,20%
,,,,,,얼굴에적당한윤기,3,"윤기가 보통, 피부에 자연스럽고 건강한 광택이 도는 상태. 푸석하지도, 번들거리지도 않는 평균적인 상태.",30%,15%,15%,15%,15%,15%,15%,15%,15%,15%
,,,,,,"얼굴에윤기가흐름, 피부에서광이남",4,"윤기가 충만함, 피부가 건강하게 빛나며, 맑고 생기가 넘쳐 보임. 촉촉하고 광택이 도는 상태.",10%,5%,5%,,5%,,5%,5%,5%,5%
,,,,,,"물광피부, 얼굴에번쩍번쩍함",5,"윤기가 매우 충만함, 얼굴에서 빛이 나는 것처럼 광택이 매우 풍부하고, 누가 봐도 아주 건강하고 활력이 넘쳐 보이는 상태.",10%,5%,5%,,,,,,,
,눈,눈 불편감,,,4,눈이 편안함,1,"없음, 눈에 어떤 종류의 통증이나 불편감(건조함, 뻑뻑함, 이물감 등)도 전혀 느끼지 않음.",20%,10%,10%,10%,10%,,10%,10%,10%,10%
,,,,,,가끔 눈이 뻑뻑함,2,"일시적, 특정 상황(장시간 컴퓨터/스마트폰 사용, 먼지 많은 곳 방문 등)에서만 잠깐 나타나며, 휴식을 취하면 완전히 사라짐.",30%,15%,15%,15%,15%,15%,15%,15%,15%,15%
,,,,,,자주 눈이 건조함,3,"간헐적, 주기적으로(주 1~3회) 눈이 뻑뻑하거나 건조한 증상이 나타나지만, 일상생활에 큰 지장은 없음.",30%,15%,15%,15%,15%,15%,15%,15%,15%,15%
,,,,,,매일 건조함,4,"지속적, 거의 매일 불편감을 느끼며(특히 오후), 이로 인해 인공눈물을 자주 사용하거나 업무/학업에 제약을 받음.",10%,,,,,5%,,,,
,,,,,,안구건조증이 심함,5,"만성적, 불편감이 하루 종일 지속되어, 눈을 뜨고 있는 것 자체가 피로하고 삶의 질 전반에 큰 영향을 줌.",10%,,,,,5%,,,,
,,눈 충혈,,,3,눈이 맑음,1,"없음, 눈의 흰자위가 깨끗하며, 핏발이 서거나 붉어지는 경우가 거의 없음.",50%,30%,,30%,30%,30%,30%,30%,30%,30%
,,,,,,피곤할 때만 눈이 빨감,2,"경미, 피곤하거나, 잠을 못 자거나, 이물질이 들어갔을 때만 일시적으로 핏발이 서고 금방 회복됨.",30%,15%,15%,15%,15%,15%,15%,15%,15%,15%
,,,,,,눈이 자주 빨감,3,"중등도, 눈이 피로할 때마다(주 2~3회) 눈에 띄게 충혈되며, 인공눈물이나 휴식이 필요한 상태.",10%,5%,5%,5%,5%,5%,5%,5%,5%,5%
,,,,,,"늘 충혈됨, 눈이 벌겋다",4,"심함, 거의 매일 눈이 충혈되어 있으며, 남들이 ""눈이 빨갛다""고 알아볼 정도의 상태.",5%,,5%,,,,,,,
,,,,,,눈이 매우 심각하게 빨감,5,"매우 심함, 항상 눈이 붉게 핏발이 서 있거나, 감염/염증 등으로 인해 흰자위가 심각하게 붉어져 있는 상태.",5%,,,,,,,,,
,,눈 앞이 캄캄함,,,4,눈 앞이 캄캄해지는 증상 없음,1,"없음, 눈앞이 일시적으로 캄캄해지는 증상이 전혀 없음.",60%,33%,33%,33%,33%,33%,33%,33%,33%,33%
,,,,,,급하게 일어설 때만 잠깐 블랙아웃,2,"일시적, 매우 드물게, 장시간 누워있다가 아주 급격히 일어설 때만 순간적(1~2초)으로 눈앞이 캄캄해짐.",30%,15%,15%,15%,15%,15%,15%,15%,15%,15%
,,,,,,"자주 어지러움을 느낌, 순간적으로 눈앞이 흐려짐",3,"간헐적, 주로 앉거나 누웠다가 빨리 일어설 때(기립성) 눈앞이 캄캄해지는 증상이 간헐적으로 나타남(예: 주 1~3회).",5%,,,,,,5%,,,
,,,,,,"매일 눈앞이 캄캄해짐, 심한 어지럼증",4,"지속적, 거의 매일, 특히 자세를 바꿀 때마다(예: 일어설 때) 눈앞이 캄캄해짐. 증상이 몇 초 이상 지속되어 순간적으로 휘청거림.",5%,,,,,,5%,,,
,코,코 건조함,,,3,코 속이 편안함,1,"없음, 코 안에 건조함이나 불편감을 전혀 느끼지 않음,",30%,25%,25%,25%,25%,25%,25%,25%,25%,25%
,,,,,,"코가 가끔 마름, 코 속이 건조할 때가 있음",2,"간헐적, 주기적으로(주 1~3회) 코 안이 마르는 증상이 나타남.",30%,23%,23%,23%,23%,23%,23%,23%,23%,23%
,,,,,,코가 자주 마름,3,"지속적, 거의 매일 코 안이 건조하다고 느끼며, 이로 인해 불편감을 느낌,",30%,,,,,15%,,,,
,,,,,,코 속이 극도로 건조함,4,"만성적, 불편감이 하루 종일 지속되어, 호흡이나 수면 등 삶의 질 전반에 큰 영향을 줌,",10%,,,,,,,,,
,,코막힘,,,3,코막힘 없음,1,"없음, 코막힘이 전혀 없음. 코로 숨쉬기가 매우 편안함.",50%,30%,30%,30%,30%,30%,30%,30%,30%,30%
,,,,,,약간 코가 막힘,2,코막힘이 약간 있으나 코로 숨쉬기 편함,30%,15%,15%,15%,15%,15%,15%,15%,15%,15%
,,,,,,코가 막혀서 답답함,3,코막힘이 있고 숨쉬기 약간 불편함,10%,5%,5%,5%,5%,5%,5%,5%,5%,5%
,,,,,,코가 많이 막힘,4,코막힘이 분명하게 느껴지고 숨쉬기 불편함,5%,,,,,,,,,
,,,,,,"코가 완전히 막힘, 입으로만 숨쉼",5,양쪽 코가 심하게 막혀 코로 숨쉬기가 매우 힘듦. ,5%,,,,,,,,,
,,후각 감퇴,,,3,냄새를 잘 맡음,1,후각에 문제 없음.,80%,48%,48%,48%,48%,48%,48%,48%,48%,48%
,,,,,,냄새 맡는 데 크게 지장 없음,2,"후각이 감퇴되었지만, 냄새를 대부분 맡을 수 있음",5%,3%,3%,3%,3%,3%,3%,3%,3%,3%
,,,,,,냄새를 맡는 능력이 떨어짐,3,"후각이 감퇴되었지만, 냄새를 맡기도 하고 못맡기도 함",5%,,,,,,,,,
,,,,,,냄새를 잘 못 맡음,4,"후각이 감퇴되었지만, 강열한 냄새는 맡을 수 있음 .",3%,,,,,,,,,
,,,,,,냄새를아예못맡음,5,후각이 감퇴됨. 냄새를 전혀 맡지 못함,2%,,,,,,,,,
,귀,이명(빈도),,,3,귀에서 소리 안 남,1,"없음, 이명을 전혀 느끼지 않음.",80%,44%,44%,44%,44%,44%,44%,44%,44%,44%
,,,,,,귀에서 가끔 삐 소리,2,"일시적, 매우 피곤하거나, 아주 조용한 곳에 있을 때만 잠깐 나타나며, 금방 사라짐.",10%,5%,5%,5%,5%,5%,5%,5%,5%,5%
,,,,,,귀에서 자주 삐 소리,3,"간헐적, 주기적으로(주 1~3회) 이명이 느껴지지만, 일상생활에 큰 지장은 없음.",5%,,,,5%,5%,,,,
,,,,,,귀에서 계속 윙윙거림,4,"지속적, 거의 매일 이명을 느끼며, 이로 인해 소리나 증상에 신경이 쓰이고 제약을 받음.",3%,,,,,,,,,
,,,,,,귀에서 계속 소리나서 잠을 못 잠,5,"만성적, 깨어있는 시간 내내 이명이 지속되어, 소리, 수면 등 삶의 질 전반에 큰 영향을 줌.",2%,,,,,,,,,
,,이명(강도),,,3,귀에서 소리 없음,1,"없음, 불편감이 전혀 없는 상태.",80%,45%,45%,45%,45%,45%,45%,45%,45%,45%
,,,,,,귀에서 아주 작은 삐 소리,2,"경미한 불편감, 이명 소리가 매우 작아서, 아주 조용한 환경에서 집중할 때만 의식되는 수준.",10%,5%,5%,5%,5%,5%,5%,5%,5%,5%
,,,,,,귀에서 신경 쓰이는 소리,3,"중등도 불편감, 일상적인 소음 속에서도 이명이 의식되며, 이로 인해 집중력이 다소 저하되고 약간의 신경이 쓰임.",5%,,,3%,,,,,,
,,,,,,귀에서 꽤 큰 윙윙 소리,4,"심한 불쾌감, 이명 소리가 커서 다른 소리를 듣는 데 방해가 되거나, 수면을 방해하고, 뚜렷한 스트레스를 유발함.",3%,,,,,,,,,
,,,,,,귀에서 견딜 수 없는 소리,5,"매우 심한 불쾌감, 참을 수 없을 정도로 이명 소리가 크거나 거슬려, 다른 생각이나 활동이 불가능하고, 극심한 고통이나 불안감을 유발함.",2%,,,,,,,,,
,,이롱(난청),,,3,듣는 데 문제 없음,1,"정상, 대화하거나 소리를 듣는 데 전혀 불편함이 없는 건강한 상태.",80%,45%,45%,45%,45%,45%,45%,45%,45%,45%
,,,,,,소란스러울 때 잘 못 들음,2,"경도 난청, 조용한 곳에서의 대화는 문제없으나, 속삭이는 소리나 주변이 시끄러운 환경에서는 대화를 놓치는 경우가 있음.",10%,5%,5%,5%,5%,5%,5%,5%,5%,5%
,,,,,,소리가 잘 안 들림,3,"중등도 난청, 일상적인 대화에서도 상대방의 말을 자주 되묻게 되며, TV 볼륨을 남들보다 크게 높여야 소리가 잘 들림.",5%,,,,,,,,,
,,,,,,바로 옆에서 크게 말해야 들림,4,"고도 난청, 큰 소리로 바로 옆에서 말해야만 대화가 가능하며, 보청기 없이는 일상적인 의사소통이 매우 어려움.",3%,,,,,,,,,
,,,,,,소리 자체를 거의 못 들음,5,"심도 난청, 보청기를 사용해도 말소리를 거의 알아듣기 어렵거나, 소리 자체를 거의 감지하지 못하는 상태.",2%,,,,,,,,,
,"구강, 목",입술 색,,,2,핏기가돌며촉촉하고윤기가나는밝은분홍색또는붉은색,1,선홍색,60%,40%,40%,40%,40%,40%,40%,40%,,40%
,,,,,,입술이하얗게질렸어요,2,창백한 흰색,15%,15%,,15%,15%,,,,,15%
,,,,,,입술이바싹말라있어요,3,유난히 붉고 진한 빨간색,10%,,5%,5%,5%,5%,5%,5%,5%,5%
,,,,,,입술색이칙칙하고어두워요,4,어둡고 검붉은색,10%,,5%,,,5%,,,5%,
,,,,,,입술이뚜렷하게푸르스름하거나보라색,5,파란색 또는 보라색,5%,,,,5%,,,,5%,
,,입술 건조,,,2,건조하지 않음,1,"정상, 입술이 건조하지 않음",20%,20%,20%,20%,20%,20%,20%,20%,20%,20%
,,,,,,날씨가건조하고바람이부니까바로입술이텄어요,2,외부의 건조한 날씨나 바람에 의해 일시적으로 입술이 건조함,40%,25%,25%,25%,25%,25%,25%,25%,25%,25%
,,,,,,입술이 건조해서각질이하얗게일어나요,3,입술까지 영양분을 공급하지 못해 메마르는 경우,20%,,,,,15%,,,15%,
,,,,,,입술이종잇장처럼마르고껍질이일어나요,4,전신이 건조해지고 입술까지 마르는 경우,10%,,,,,10%,,,,
,,,,,,"입술이건조할뿐만아니라, 아주붉고(鮮紅) 심하면부르트거나붓습니다",5,"입술이 건조할 뿐만 아니라, 아주 붉고 심하면 부르트거나 붓는다",10%,,,,,,,,,
,,음수량,,,1,물을 거의 안 마심,1,"매우 부족, 하루 0.5L (약 2~3잔) 미만",10%,10%,0%,5%,5%,5%,5%,5%,5%,5%
,,,,,,물을 적게 마시는 편,2,"부족,하루 0.5L ~ 1L",20%,15%,5%,10%,10%,10%,10%,10%,10%,10%
,,,,,,물을 적당히 마심,3,"적정, 하루 1.5L ~ 2.5L",40%,25%,25%,25%,25%,25%,25%,25%,25%,25%
,,,,,,물을 많이 마시는 편,4,"다소 많음, 하루 2.5L ~ 3.5L",20%,0%,15%,10%,10%,10%,10%,10%,10%,10%
,,,,,,쉬지 않고 계속 물을 마심,5,"매우 많음, 하루 4L (약 20잔) 이상",10%,,5%,,,5%,,,,
,,입마름 정도(구건/구갈),,,1,입이 촉촉함,1,"정상, 입안이 항상 촉촉하며, 입마름이나 갈증을 거의 느끼지 않음.",40%,30%,,30%,30%,,30%,30%,30%,30%
,,,,,,가끔 입이 마름,2,"경미, 피곤하거나, 말을 많이 하거나, 짠 음식을 먹었을 때만 잠깐 입이 마름. 물을 마시면 금방 해소됨.",20%,15%,15%,15%,15%,15%,15%,15%,15%,15%
,,,,,,"입이 잘 마름, 입에 침이 잘 안 고임",3,"중등도, 입이 자주 마르다는 느낌이 들어 물을 가까이 두고 자주 마심. 때때로 자는 도중 입이 말라 깰 수 있음.",20%,,10%,10%,10%,10%,10%,10%,10%,10%
,,,,,,입이 바짝바짝 마름,4,"심함, 항상 입안과 혀가 건조하며, 물을 마셔도 갈증이 잘 해소되지 않음. 입안이 끈적거리고 말하기가 다소 불편함.",10%,,10%,,,10%,,,,
,,,,,,입안이 타는 듯함,5,"매우 심함, 입안이 바싹바싹 타는 듯한 느낌이 들고, 혀가 갈라지거나 통증이 있음. 마른 음식을 삼키기 힘들고 말하는 데 큰 지장을 줌.",10%,,5%,,,5%,,,,
,,인후 건조,,,1,목마름 없음,1,"없음, 목구멍에 건조함이나 불편감을 전혀 느끼지 않음.",40%,25%,,25%,25%,25%,25%,25%,25%,25%
,,,,,,목이 잠깐 잠김,2,"일시적, 특정 상황(말을 많이 하거나, 건조한 환경, 피로 등)에서만 잠깐 나타남.",20%,15%,15%,15%,15%,15%,15%,15%,15%,15%
,,,,,,목이 자주 칼칼함,3,"간헐적, 주기적으로(주 1~3회) 목이 칼칼하거나 마르는 증상이 나타남.",20%,10%,10%,10%,10%,10%,10%,10%,10%,10%
,,,,,,하루 종일 목이 건조함,4,"지속적, 거의 매일, 특히 오후나 저녁이 되면 목이 건조하다고 느끼며, 물을 자주 마시게 됨.",10%,,5%,,,5%,,,,
,,,,,,목이 극심하게 마름,5,"만성적, 불편감이 하루 종일 지속되며, 잠에서 깰 때마다 목이 타는 듯이 마르는 등 삶의 질 전반에 큰 영향을 줌.",10%,,5%,,,,,,,
,,구고(입이씀),,,1,입에서 쓴맛 없음,1,"없음, 냄새나 불편감이 전혀 없는 상태.",50%,30%,,30%,30%,30%,30%,30%,30%,30%
,,,,,,입에서 약간 쓴 맛,2,"경미, 입안에 쓴 맛이 살짝 느껴짐",30%,18%,18%,18%,18%,18%,18%,18%,18%,18%
,,,,,,입안이 쓰다,3,"중등도, 입안에 쓴 맛이 느껴짐",10%,5%,5%,5%,5%,5%,5%,5%,5%,5%
,,,,,,"심한 쓴 맛, 입이 쓰다 못해 괴로움",4,"심함, 입안에 쓴 맛이 심하게 느껴짐",5%,,3%,,,,,,,
,,,,,,"극도로 입이 씀, 쓴 맛이 강렬함",5,"매우 심함, 참을 수 없을 정도로 입안에 쓴 맛이 느껴짐. ",5%,,,,,,,,,
,,구취,,,3,입 냄새 없음,1,"없음, 냄새나 불편감이 전혀 없는 상태.",50%,25%,25%,25%,25%,25%,25%,25%,25%,25%
,,,,,,가끔 입안이 텁텁함,2,"경미, 입안이 텁텁하거나 가벼운 냄새가 나는 듯하지만, 스스로만 인지할 수 있는 수준.",30%,18%,18%,18%,18%,18%,18%,18%,18%,18%
,,,,,,입 냄새가 신경 쓰임,3,"중등도, 구취가 분명하게 느껴져, 이로 인해 입을 가리게 되거나 대화 시 신경이 쓰임.",10%,5%,5%,5%,5%,5%,5%,5%,5%,5%
,,,,,,입 냄새가 심함,4,"심함, 냄새가 매우 심하여(예: 불쾌한 냄새), 대화 상대방이 인지할까 봐 두렵고, 이로 인해 위축됨.",5%,,5%,,,5%,,5%,,
,,,,,,입 냄새가 매우 고약함,5,"매우 심함, 참을 수 없을 정도로 극심한 냄새가 남.",5%,,,,,,,,,
,,인후통,,,3,"목이 편안함, 아프지 않음",1,"증상없음, 목의통증이나불편감이전혀느껴지지않음.",50%,30%,30%,30%,30%,30%,30%,30%,30%,30%
,,,,,,"목이 약간 칼칼함,",2,"경미함, 목에약간의이물감이나가벼운불편감이있으나, 침이나음식을삼킬때뚜렷한통증은없음.",30%,20%,20%,20%,20%,20%,20%,20%,20%,20%
,,,,,,목이 따끔거림,3,"중등도, 침이나 음식을 삼킬 때 목구멍에 뚜렷한 통증이나 불편감이 느껴짐.",10%,,,,,,,,,
,,,,,,목이 많이 부음,4,"심함, 목구멍이 부어서 통증이 심하며, 음식을 삼키는 것이 힘들고 목소리가 쉬기도 함.",5%,,,,,,,,,
,,,,,,"목이 극심하게 아픔, 타들어 가는 듯한 고통",5,"매우 심함, 목구멍이 타는 듯이 아프거나 바늘로 찌르는 듯한 극심한 통증으로, 침 삼키는 것조차 매우 고통스러움.",5%,,,,,,,,,
,,기침(빈도),,,3,기침 안 함,1,"정상, 기침 증상이 없음.",50%,30%,30%,30%,30%,30%,30%,30%,30%,30%
,,,,,,가끔기침,2,"간헐적, 하루 중 몇 차례, 혹은 특정일에만 간헐적으로 기침이 나타남.",30%,20%,20%,20%,20%,20%,20%,20%,20%,20%
,,,,,,자주기침함,3,"빈번함, 거의매일기침을하지만, 하루종일이어지지는않음.",10%,,,,,,,,,
,,,,,,하루종일기침,4,"지속적, 거의 매일, 하루 종일 기침 증상이 이어지며, 쉽게 멈추지 않음.",5%,,,,,,,,,
,,,,,,"발작적인기침, 기침이끊이지않음",5,"만성적/발작적, 항상 기침을 달고 살거나, 한번 시작하면 멈추기 힘든 발작적인 기침을 함.",5%,,,,,,,,,
,,담(가래) 양,,,3,가래 없음,1,"없음, 가래가 전혀 없음.",50%,30%,30%,30%,30%,30%,30%,30%,30%,30%
,,,,,,가래가 있는데 마른 가래로 뱉어도 나오지 않음,2,"마른 가래, 가래가 끈적하여 뱉으려고 해도 잘 나오지 않고 목에 붙어있는 느낌이 듦.",30%,20%,20%,20%,20%,20%,20%,20%,20%,20%
,,,,,,가래가 있는데 마른 가래로 뱉으면 조금 나옴,3,"소량, 가래가 목에 약간 걸린 느낌은 있으나, 양이 매우 적어 거의 뱉어지지 않거나 아주 조금 나옴.",10%,,,,,,,,,
,,,,,,가래가 있는데 묽은 가래로 뱉으면 나옴,4,"중등도, 가래가 자주 끓어 하루에도 몇 번씩 뱉어내게 됨. 양은 보통 수준.",5%,,,,,,,,,
,,,,,,가래가 있는데 묽은 가래로 뱉으면 많이 나옴,5,"다량, 가래가 계속 생겨 수시로 뱉어내야 하며, 양이 많다고 느껴짐.",5%,,,,,,,,,
,,담(가래) 색,,,2,맑은 가래,1,"투명/흰색, 물처럼 맑거나 흰색의 가래. 점도는 묽은 편.",50%,30%,,30%,30%,30%,30%,30%,30%,30%
,,,,,,끈적한 흰 가래,2,"흰색, 흰색의 가래이지만, 끈적이거나 거품이 섞인 양상.",30%,20%,20%,20%,20%,20%,20%,20%,20%,20%
,,,,,,누런 가래,3,"노란색, 연한 노란색을 띠는 가래.",15%,10%,10%,,,,,,,
,,,,,,"찐득한 누런 가래, 녹색 가래",4,"누런색/녹색, 진한 노란색이나 녹색을 띠는 가래. 점도가 높고 끈적함.",5%,,10%,,,,,,,
,,딸꾹질,,,4,딸꾹질 안 함,1,"없음, 딸꾹질 증상이 전혀 없음.",50%,30%,30%,30%,30%,30%,30%,30%,30%,30%
,,,,,,가끔 딸꾹질,2,"간헐적, 특별한 이유 없이 한 달에 몇 번 정도 딸꾹질이 시작됨. 몇 분에서 몇십 분 정도 지속되다가 멈춤",40%,20%,20%,20%,20%,20%,20%,20%,20%,20%
,,,,,,딸꾹질이 잦음,3,"빈번함, 특별한이유없이일주일에몇번정도딸꾹질이시작되며, 때때로쉽게멈추지않아불편할때가있음.",5%,,,,,,,,,
,,,,,,딸꾹질이 오래 감,4,"지속적, 딸꾹질이 시작되면 쉽게 멈추지 않고 지속됨. 이로 인해 말하거나 음식을 먹는 데 불편함을 겪음.",3%,,,,,,,,,
,,,,,,딸꾹질 때문에 괴로움,5,"만성적, 딸꾹질이 며칠 이상 지속되거나 매우 자주 발생하여, 말하기, 식사, 수면 등 일상생활에 심각한 지장을 줌.",2%,,,,,,,,,
,두부,감기(급성 상기도 감염)와 무관한-두부 불편감(빈도),,,4,두통 없음,1,"없음, 머리에 어떤 종류의 통증이나 불편감도 전혀 느끼지 않음.",20%,30%,30%,30%,30%,30%,30%,30%,30%,30%
,,,,,,가끔 머리가 아픔,2,"일시적, 특정 상황(스트레스, 수면 부족, 피로 등)에서만 잠깐 나타나며, 휴식을 취하면 완전히 사라짐.",50%,18%,18%,18%,18%,18%,18%,18%,18%,18%
,,,,,,두통이 잦은 편,3,"간헐적, 주기적으로(주 1~3회) 두통이나 불편감이 나타나지만, 일상생활에 큰 지장은 없음.",20%,,,,,,10%,,10%,
,,,,,,거의 매일 머리가 아픔,4,"지속적, 거의 매일 불편감을 느끼며(예: 만성 긴장성 두통), 이로 인해 업무나 학업의 집중력에 제약을 받음.",5%,,,,,,,,,
,,,,,,극심한 만성 두통,5,"만성적, 불편감이 하루 종일 지속되어, 수면 등 삶의 질 전반에 큰 영향을 줌.",5%,,,,,,,,,
,,감기(급성 상기도 감염)와 무관한-두부 불편감(강도),,,4,통증 없음,1,"없음, 통증이나 불편감이 전혀 없는 상태.",50%,30%,30%,30%,30%,30%,30%,30%,30%,30%
,,,,,,약간 머리가 띵함,2,"경미한 통증, 신경은 쓰이지만, 일상생활이나 업무에 거의 지장을 주지 않는 가벼운 통증(예: 머리가 맑지 않은 느낌).",30%,20%,20%,20%,20%,20%,20%,20%,20%,20%
,,,,,,머리가 지끈거림,3,"중등도 통증, 통증이 계속 의식되며, 이로 인해 집중력이 다소 저하되고 일상생활에 약간의 지장을 줌. (진통제를 고려하게 되는 수준)",10%,,,,,,,,,
,,,,,,머리가 깨질 듯 아픔,4,"심한 통증, 통증이 매우 심하여(예: 머리가 깨질 듯 아픔) 다른 생각을 하기 어렵고, 일상적인 활동을 지속하기 힘듦.",5%,,,,,,,,,
,,,,,,머리가 너무 아파서 쓰러질 정도로 아픔,5,"매우 심한 통증, 참을 수 없을 정도로 극심한 통증으로, 메스꺼움이나 구토를 동반하거나 아무것도 할 수 없는 상태.",5%,,,,,,,,,
,,어지러움(두훈),,,4,어지럼증 없음,1,"없음, 어지러움을 전혀 느끼지 않음.",60%,35%,35%,35%,35%,35%,35%,35%,35%,35%
,,,,,,가끔 핑 돔,2,"일시적, 특정 상황(예: 갑자기 일어설 때, 피곤할 때)에서만 잠깐 나타나며, 금방 사라짐.",30%,15%,15%,15%,15%,15%,15%,15%,15%,15%
,,,,,,자주 어지러움,3,"간헐적, 주기적으로(주 1~3회) 어지러운 증상이 나타나지만, 일상생활에 큰 지장은 없음.",5%,,,,,3%,3%,,3%,
,,,,,,매일 어지러움,4,"지속적, 거의 매일 어지러움을 느끼며, 이로 인해 특정 활동(운전, 집중 등)에 제약을 받음.",3%,,,,,,,,,
,,,,,,만성적인 어지럼증,5,"만성적, 어지러움이 하루 종일 지속되어, 서 있거나 걷는 것 등 삶의 질 전반에 큰 영향을 줌.",2%,,,,,,,,,
,"뒷목, 경항부","뒷목, 경항 불편감(빈도)",,,3,목 통증 없음,1,"없음, 목에 어떤 종류의 통증이나 불편감도 전혀 느끼지 않음.",10%,10%,10%,10%,10%,10%,10%,10%,10%,10%
,,,,,,가끔 목이 뻐근함,2,"일시적, 특정 자세(예: 스마트폰/컴퓨터 장시간 사용)나 활동 후에만 불편감이 잠깐 나타나며, 휴식을 취하면 완전히 사라짐.",30%,30%,30%,30%,30%,30%,30%,30%,30%,30%
,,,,,,자주 목이 뻣뻣함,3,"간헐적, 주기적으로(주 1~3회) 목이 뻣뻣하거나 통증이 나타나지만, 일상생활에 큰 지장은 없음.",40%,10%,10%,10%,10%,10%,10%,10%,10%,10%
,,,,,,거의 매일 목이 아픔,4,"지속적, 거의 매일 불편감을 느끼며, 이로 인해 고개를 돌리거나 숙이는 동작에 제약을 받음.",10%,,,,,,,,,
,,,,,,극심한 만성 목 통증,5,"만성적, 불편감이 하루 종일 지속되어, 업무나 수면 등 삶의 질 전반에 큰 영향을 줌.",10%,,,,,,,,,
,,"뒷목, 경항 불편감(강도)",,,3,통증 없음,1,"없음, 통증이나 불편감이 전혀 없는 상태.",10%,10%,10%,10%,10%,10%,10%,10%,10%,10%
,,,,,,목이 약간 뻐근함,2,"경미한 통증, 신경은 쓰이지만(예: 목이 뻐근함), 일상생활이나 업무에 거의 지장을 주지 않는 가벼운 통증.",70%,40%,40%,40%,40%,40%,40%,40%,40%,40%
,,,,,,목이 쑤시고 결림,3,"중등도 통증, 통증이 계속 의식되며, 이로 인해 집중력이 다소 저하되고 고개를 돌리는 등 일상생활에 약간의 지장을 줌.",10%,,,,,,,,,
,,,,,,목에 담이 걸린 듯 아픔,4,"심한 통증, 통증이 매우 심하여(예: 목에 담이 결린 듯 아픔) 다른 생각을 하기 어렵고, 일상적인 활동을 지속하기 힘듦.",5%,,,,,,,,,
,,,,,,목을 전혀 못 움직임,5,"매우 심한 통증, 참을 수 없을 정도로 극심한 통증으로, 목을 거의 움직일 수 없거나 두통, 팔 저림 등을 동반하여 아무것도 할 수 없는 상태.",5%,,,,,,,,,
,,호흡소리 크기,,,3,"호흡소리가 너무 작음, ",1,"매우 작음, 호흡에 힘이 전혀 없고, 잘 알아듣기 힘듦.",10%,,,10%,10%,10%,,,,
,,,,,,조용조용한 호흡소리 ,2,"작은 편, 호흡소리가 조용한 편. ",20%,10%,10%,10%,10%,10%,10%,10%,10%,10%
,,,,,,보통 호흡소리 ,3,"보통, 너무 크지도 작지도 않은 적당한 호흡소리",40%,30%,30%,30%,30%,30%,30%,30%,30%,30%
,,,,,,호흡소리가 큰 편,4,"큰 편, 호흡소리가 크고 힘이 있으며, 잘 들림",20%,10%,10%,,,,10%,10%,10%,10%
,,,,,,호흡소리가 매우 큰 편,5,"매우 큼,호흡소리가 매우 커서 멀리서도 들림",10%,,,,,,,,,
,흉부,흉부 두근거림,,,2,심장 박동 정상,1,"없음, 가슴 부위에 어떤 두근거림도 전혀 느끼지 않음.",50%,25%,25%,25%,25%,25%,25%,25%,25%,25%
,,,,,,가끔 심장이 뜀,2,"일시적, 특정 상황(스트레스, 과식, 격렬한 운동 등)에서만 경미한 두근거림이 잠깐 나타나며, 상황이 끝나면 완전히 사라짐.",40%,23%,23%,23%,23%,23%,23%,23%,23%,23%
,,,,,,자주 심장이 뜀,3,"간헐적, 상황적으로 (주 1~3회) 가슴이 답답한 증상이 나타나지만, 일상생활에 큰 지장은 없음.",5%,,,,,,5%,5%,,5%
,,,,,,매일 심장이 쿵쾅거림,4,"지속적, 중등도로 거의 매일 두근거림이 나타나며 이로 인해 특정 활동(계단 오르기 등)이나 감정 상태에 제약을 받음.",3%,,,,,,,,,
,,,,,,극심한 가슴 두근거림,5,"만성적, 심한 두근거림이 하루 종일 지속되어, 업무나 수면 등 삶의 질 전반에 큰 영향을 줌.",2%,,,,,,,,,
,,흉부 답답함,,,3,가슴 답답함 없음,1,"없음, 가슴 부위에 어떤 종류의 답답함이나 불편감도 전혀 느끼지 않음.",20%,10%,10%,10%,10%,10%,10%,10%,10%,10%
,,(빈도),,,,가끔 가슴이 답답함,2,"일시적, 특정 상황(스트레스, 과식, 격렬한 운동 등)에서만 그득함이 잠깐 나타나며, 상황이 끝나면 완전히 사라짐.",40%,20%,20%,20%,20%,20%,20%,20%,20%,20%
,,,,,,자주 가슴이 답답함,3,"간헐적, 주기적으로(주 1~3회) 가슴이 답답한 증상이 나타나지만, 일상생활에 큰 지장은 없음.",30%,,,,,,20%,20%,20%,5%
,,,,,,매일 가슴이 막힘,4,"지속적, 거의 매일 불편감을 느끼며, 이로 인해 특정 활동(계단 오르기 등)이나 감정 상태에 제약을 받음.",5%,,,,,,,,,
,,,,,,만성적으로 가슴 답답함이 있음,5,"만성적, 답답함이 하루 종일 지속되어, 업무나 수면 등 삶의 질 전반에 큰 영향을 줌.",5%,,,,,,,,,
,,흉부 답답함,,,3,가슴 답답함 없음,1,"없음, 통증이나 불편감이 전혀 없는 상태.",20%,10%,10%,10%,10%,10%,10%,10%,10%,10%
,,(강도),,,,가슴이 약간 답답함,2,"경미한 불편감, 신경은 쓰이지만(예: 가슴이 약간 답답함), 일상생활이나 업무에 거의 지장을 주지 않는 가벼운 불편감.",40%,20%,20%,20%,20%,20%,20%,20%,20%,20%
,,,,,,가슴이 묵직함,3,"중등도 답답함이 계속 의식되며(예: 가슴이 뻐근함), 이로 인해 집중력이 다소 저하되고 일상생활에 약간의 지장을 줌.",30%,,,,,,20%,20%,20%,20%
,,,,,,가슴이 심하게 답답함,4,"심한 통증, 통증이 매우 심하여(예: 가슴을 쥐어짜는 느낌) 다른 생각을 하기 어렵고, 일상적인 활동을 지속하기 힘듦.",5%,,,,,,,,,
,,,,,,"가슴이 터질 듯함, 극도의 압박감",5,"매우 심한 통증, 참을 수 없을 정도로 극심한 통증으로, 식은땀이나 호흡 곤란을 동반하거나 아무것도 할 수 없는 상태.",5%,,,,,,,,,
,,흉부 통증,,,3,가슴 통증 없음,1,"없음, 가슴 부위에 어떤 종류의 통증이나 불편감도 전혀 느끼지 않음.",20%,10%,10%,10%,10%,10%,10%,10%,10%,10%
,,(빈도),,,,가끔 가슴이 뻐근함,2,"일시적, 특정 상황(스트레스, 과식, 격렬한 운동 등)에서만 불편감이 잠깐 나타나며, 상황이 끝나면 완전히 사라짐.",40%,20%,20%,20%,20%,20%,20%,20%,20%,20%
,,,,,,자주 가슴이 아픔,3,"간헐적, 주기적으로(주 1~3회) 가슴이 답답하거나 뻐근한 증상이 나타나지만, 일상생활에 큰 지장은 없음.",30%,,,,,,20%,20%,20%,20%
,,,,,,매일 가슴 통증,4,"지속적, 거의 매일 불편감을 느끼며, 이로 인해 특정 활동(계단 오르기 등)이나 감정 상태에 제약을 받음.",5%,,,,,,,,,
,,,,,,만성적으로 가슴 통증이 있음,5,"만성적, 불편감이 하루 종일 지속되어, 업무나 수면 등 삶의 질 전반에 큰 영향을 줌.",5%,,,,,,,,,
,,흉부통증,,,3,가슴 통증 없음,1,"없음, 통증이나 불편감이 전혀 없는 상태.",20%,10%,10%,10%,10%,10%,10%,10%,10%,10%
,,(강도),,,,"가슴이 약간 뻐근함, 가벼운 통증",2,"경미한 불편감, 신경은 쓰이지만(예: 가슴이 약간 답답함), 일상생활이나 업무에 거의 지장을 주지 않는 가벼운 불편감.",40%,20%,20%,20%,20%,20%,20%,20%,20%,20%
,,,,,,가슴이 쑤시고 아픔,3,"중등도 불편감, 불편감이 계속 의식되며(예: 가슴이 뻐근함), 이로 인해 집중력이 다소 저하되고 일상생활에 약간의 지장을 줌.",30%,,,,,,20%,20%,20%,20%
,,,,,,가슴이 쥐어짜는 듯함,4,"심한 통증, 통증이 매우 심하여(예: 가슴을 쥐어짜는 느낌) 다른 생각을 하기 어렵고, 일상적인 활동을 지속하기 힘듦.",5%,,,,,,,,,
,,,,,,가슴 통증으로 아무것도 못 할 정도의 고통,5,"매우 심한 통증, 참을 수 없을 정도로 극심한 통증으로, 식은땀이나 호흡 곤란을 동반하거나 아무것도 할 수 없는 상태.",5%,,,,,,,,,
,,한숨 빈도,,,3,전혀 한숨 쉬지 않음,1,"없음, 한숨을 쉬는 경우가 거의 없음.",30%,25%,25%,25%,25%,25%,25%,25%,25%,
,,,,,,가끔 한숨 쉼,2,"간헐적, 주기적으로(주 1~3회) 자신도 모르게 한숨을 쉬지만, 일상생활에 큰 지장은 없음.",40%,25%,25%,25%,25%,25%,25%,25%,25%,25%
,,,,,,자주 한숨 쉼,3,"지속적, 거의 매일, 특히 스트레스를 받거나 답답함을 느낄 때 습관적으로 한숨을 쉼.",20%,,,,,,,,,15%
,,,,,,"매우 자주 한숨 쉼, 수시로 한숨",4,"만성적, 한숨이 하루에도 수시로 반복되어, 주변에서 ""무슨 일 있냐""고 물어볼 정도로 잦으며, 본인도 답답함을 느낌.",10%,,,,,,,,,10%
,기능성 소화불량 복부 기타 증상,구역감/구토,,,3,구역감 없음,1,구역감이 없음,40%,20%,20%,20%,20%,20%,20%,10%,20%,10%
,,,,,,속이 살짝 울렁거림,2,구역감이 약간 있음. ,30%,20%,20%,20%,20%,20%,20%,20%,20%,20%
,,,,,,속에서 올라올 것 같은 느낌이 있음,3,구역감이 느껴지고 미식거림이 있음,20%,,10%,10%,10%,10%,10%,20%,,15%
,,,,,,토할 것 같은데 안 나옴,4,구역감이 심하게 생기고 토할 것 같으나 토하지 않음,5%,,3%,,,,5%,5%,,5%
,,,,,,속이 너무 안 좋아 다 게워냄,5,구역감이 심하여 토함,5%,,,,,,1%,1%,,
,,복만/가스 참(강도),,,3,가스가 전혀 안 참,1,"없음, 팽만감이나 불편감이 전혀 없는 상태.",10%,5%,5%,5%,5%,5%,5%,5%,5%,
,,,,,,배에 가스가 살짝 찬 느낌,2,"경미한 불편감, 배가 살짝 더부룩한 느낌이 들지만, 일상생활에 거의 지장을 주지 않음.",30%,15%,15%,15%,15%,15%,15%,15%,15%,15%
,,,,,,배가 빵빵하게 가스 참,3,"중등도 불편감, 배가 빵빵한 느낌이 분명하게 느껴져 허리를 펴기 불편하고, 집중력이 다소 저하됨.",40%,20%,20%,20%,20%,20%,20%,20%,20%,25%
,,,,,,가스가 심하게 차서 배가 아픔,4,"심한 불쾌감, 배가 터질 듯이 빵빵하여 다른 생각을 하기 어렵고, 가벼운 복통이나 허리 통증을 동반하기도 함.",20%,10%,10%,,,,5%,5%,,5%
,,,,,,가스가 차 배가 너무 아파서 누워있어야 함,5,"매우 심한 불쾌감, 극심한 팽만감과 복통으로, 아무것도 할 수 없고 눕거나 쉬어야만 하는 상태.",5%,,,,,,5%,5%,,5%
,,방귀,,,4,방귀를 전혀 안 뀜,1,"없음, 방귀가 없는 상태",5%,,,,,,,,,
,,,,,,하루에 한두 번 정도 방귀를 뀜,2,"1-2회/1일, 일상생활에 지장을 주지 않음.",15%,20%,20%,20%,20%,20%,20%,20%,20%,20%
,,,,,,"방귀가 잦은 편, 배에 힘주면 나올 때가 있음",3,5-10회/1일. 방귀가 잦은 편. 특정 상황(복압이 높아짐)에서 방귀가 나옴,60%,23%,23%,23%,23%,23%,23%,23%,23%,23%
,,,,,,방귀를 매우 자주 뀜,4,"10회 이상/1일, 방귀가 매우 자주 나옴. ",15%,5%,5%,5%,5%,5%,5%,5%,5%,5%
,,,,,,방귀가 수시로 나옴,5,"시도때도 없이 방귀가 나오며, 가끔 변실수를 함. ",5%,2%,2%,2%,2%,2%,2%,2%,2%,2%
,,아랫배 불편감(강도),,,4,아랫배가 편안함,1,"없음, 아랫배에 불편감이 전혀 없음",10%,5%,5%,5%,5%,5%,5%,5%,5%,5%
,,,,,,아랫배가 살짝 거북함,2,"아랫배에 불편감이 아주 조금 나타나며, 저절로 사라짐.",30%,15%,15%,15%,15%,15%,15%,15%,15%,15%
,,,,,,아랫배가 은근히 불편함,3,아랫배에 불편감이 약간 나타나며 일상생활에 큰 지장은 없음.,40%,20%,20%,20%,20%,20%,20%,20%,20%,20%
,,,,,,아랫배가 꽤 아프고 불편함,4,"아랫배에 불편감이 중등도로 나타나며, 이로 인해 일상생활에 지장을 받음",20%,10%,10%,10%,10%,10%,10%,10%,10%,10%
,,,,,,아랫배가 극심하게 불편함,5,아랫배에 불편감이 매우 강하게 나타나며 삶의 질 전반에 큰 영향을 줌.,5%,1%,1%,1%,1%,1%,1%,1%,1%,1%
,,전복부 통증(강도),,,4,배 통증 없음,1,"없음, 통증이나 불편감이 전혀 없는 상태.",10%,5%,5%,5%,5%,5%,5%,5%,5%,5%
,,,,,,배가 약간 살살 아픔,2,"경미한 통증, 신경은 쓰이지만, 일상생활이나 업무에 거의 지장을 주지 않는 가벼운 통증.",30%,15%,15%,15%,15%,15%,15%,15%,15%,15%
,,,,,,배가 쑤시고 은근히 아픔,3,"중등도 통증, 통증이 계속 의식되며, 이로 인해 집중력이 다소 저하되고 일상생활에 약간의 지장을 줌.",40%,20%,20%,20%,20%,20%,20%,20%,20%,20%
,,,,,,배가 뒤틀리듯 아픔,4,"심한 통증, 통증이 매우 심하여 다른 생각을 하기 어렵고, 일상적인 활동을 지속하기 힘듦.",20%,10%,10%,10%,10%,10%,10%,10%,10%,10%
,,,,,,"배가 너무 아파서 굴러다닐 정도, 꼼짝 못 함",5,"매우 심한 통증, 참을 수 없을 정도로 극심한 통증으로, 아무것도 할 수 없는 상태.",5%,1%,1%,1%,1%,1%,1%,1%,1%,1%
,,복통의 양상,,,3,"배가 뒤틀리고 꼬이는 듯함, 쥐가 난 것처럼 꽉 조이면서 아픔",1,당기듯이 아프다,14%,10%,5%,10%,10%,5%,5%,5%,5%,5%
,,,,,,배가 순간적으로 칼에 찔린 듯 찌릿함,2,찌르듯이 아프다,14%,5%,10%,5%,5%,10%,5%,5%,15%,5%
,,,,,,배가 꽉 차서 숨쉬기 답답함,3,배가 무겁다,14%,5%,5%,5%,5%,5%,15%,15%,5%,5%
,,,,,,배 속을 바늘로 콕콕 쑤시는 듯함,4,쑤시듯이 아프다,14%,5%,15%,5%,5%,15%,5%,5%,0%,10%
,,,,,,배 속이 시리고 싸늘함,5,차고 시리듯이 아프다,14%,15%,5%,15%,15%,5%,5%,5%,5%,5%
,,,,,,통증이 배 안에서 굴러다님,6,통증이 돌아다닌다,14%,0%,5%,0%,0%,5%,5%,5%,0%,15%
,,,,,,통증이 콕 집어 한 부위만 굳어져 아픔,7,통증이 특정부위로 고정되어 있다,14%,10%,5%,10%,10%,5%,10%,10%,20%,5%
,,눌렀을 때 복부 압통,,,4,눌러도 전혀 안 아픔,1,"없음, 배를 눌러도 통증이나 불편감을 전혀 호소하지 않음.",30%,15%,10%,15%,15%,15%,15%,15%,15%,15%
,,,,,,깊이 눌러야만 약간 아픔,2,"경미한 압통, 배를 깊게 눌렀을 때만 ""약간 불편하다""고 말하지만, 얼굴을 찡그리거나 피하지는 않음.",30%,15%,15%,15%,15%,15%,15%,15%,15%,15%
,,,,,,누르면 꽤 아픔,3,"중등도 압통, 배를 누를 때 뚜렷한 통증을 호소하며, 얼굴을 찡그림.",30%,15%,15%,15%,15%,15%,15%,15%,15%,15%
,,,,,,누르면 아파서 저절로 밀어내게 됨,4,"심한 압통, 배를 누르면 아파서 진찰자의 손을 밀어내거나, 몸을 피하려고 함.",5%,3%,3%,3%,3%,3%,3%,3%,3%,3%
,,,,,,살짝만 눌러도 깜짝 놀랄 만큼 아픔,5,"매우 심한 압통, 배를 살짝만 눌렀다 떼어도 통증이 울림(반발통).",5%,,,,,,,,3%,3%
,,메스꺼움(강도),,,3,속 울렁거림 없,1,"없음, 메스꺼움이나 불편감이 전혀 없는 상태.",10%,5%,5%,20%,10%,10%,10%,10%,10%,10%
,,,,,,속이 살짝 울렁거림,2,"경미한 불편감, 속이 살짝 울렁거리는 느낌이 들지만, 식사나 일상생활에 거의 지장을 주지 않음.",30%,20%,20%,30%,30%,30%,20%,15%,30%,20%
,,,,,,"속이 계속 울렁거림, 미식거려서 밥맛이 없음",3,"중등도 불편감, 메스꺼움이 분명하게 느껴져 식욕이 저하되고, 집중력이 다소 떨어지며 일상생활에 약간의 지장을 줌.",40%,20%,20%,,10%,0%,20%,20%,,20%
,,,,,,속이 뒤집히는 듯한 심한 메스꺼움,4,"심한 불쾌감, 메스꺼움이 매우 심하여 다른 생각을 하기 어렵고, 구토할 것 같은 느낌이 들어 일상적인 활동을 지속하기 힘듦.",20%,,5%,,,,10%,10%,,3%
,,,,,,극도로 속이 울렁거려 실제로 토함,5,"매우 심한 불쾌감, 참을 수 없을 정도로 극심한 메스꺼움으로, 실제로 구토를 하거나 아무것도 할 수 없는 상태.",5%,,,,,,2%,2%,,
,,트림,,,3,트림이 전혀 안 나옴,1,"없음, 식후 외에는 트림이 거의 나오지 않거나, 본인이 인지하지 못함.",10%,5%,0%,20%,5%,10%,10%,10%,10%,
,,,,,,어쩌다 한 번 트림함,2,"경미, 식사와 관계되어 하루 중 몇 차례(예: 주 3~5회) 트림이 나옴.",30%,20%,30%,30%,20%,30%,20%,15%,30%,25%
,,,,,,자주 트림이 나옴,3,"간헐적, 식사와 관계없이 하루 중 몇 차례(예: 주 7~10회) 트림이 나옴.",40%,25%,20%,,25%,0%,20%,20%,,30%
,,,,,,트림이 시도 때도 없이 나옴,4,"지속적, 거의 매일, 식후 외에 트림이 지속적으로 나옴. 이로 인해 약간의 불편함을 느낌",20%,,,,,,,,,10%
,,,,,,"트림하다 신물이 올라옴, 음식물까지 같이 넘어올 정도로 심함",5,"심함, 거의 매일, 식후 외에 트림이 잦고 지속적으로 나옴. 이로 인해 일상생활에 큰 불편함을 느낌",5%,,,,,,2%,2%,,1%
,,트림 시 냄새,,,3,방금 먹은 음식의 냄새가 올라옴,1,정상,60%,35%,35%,35%,35%,35%,35%,35%,35%,35%
,,,,,,코나 목이 시큰거리는 듯한 산(Acid) 냄새가 남,2,시큼한 냄새,25%,13%,13%,13%,13%,13%,13%,13%,,13%
,,,,,,썩은 달걀이나 유황 가스(방귀 냄새와 유사) 냄새가 남,3,썩은 달걀 냄새,10%,,5%,,,,5%,5%,,5%
,,,,,,뚜렷한 쓴맛이나 쓴 냄새가 느껴짐,4,쓴 냄새 (담즙 냄새),3%,,,,,,,,,
,,,,,,심한 부패취나 대변과 유사한 냄새가 남,5,부패한 냄새 / 대변 냄새,2%,,,,,,,,,
,,체함(강도),,,3,소화가 잘 됨,1,"없음, 막히거나 불편한 느낌이 전혀 없는 상태.",40%,,,,,,,,,
,,,,,,"가끔 명치가 얹힌 듯함, 살짝 속이 막힌 기분",2,"경미한 불편감, 명치가 살짝 막힌 느낌이 들지만, 일상생활에 거의 지장을 주지 않음.",30%,25%,25%,25%,25%,25%,25%,25%,25%,25%
,,,,,,명치에 돌덩이가 걸린 듯이 답답함,3,"중등도 불편감, 명치가 꽉 막힌 느낌이 분명하게 느껴져 식욕이 저하되고 일상생활에 약간의 지장을 줌.",20%,15%,15%,15%,15%,15%,15%,15%,15%,15%
,,,,,,"심하게 체함, 명치가 너무 아파서 꼼짝 못 함",4,"심한 불쾌감, 막힌 느낌이 매우 심하여 다른 생각을 하기 어렵고, 메스꺼움이나 식은땀을 동반하기도 함.",5%,5%,5%,5%,5%,5%,5%,5%,5%,5%
,,,,,,만성적으로 속이 막혀 있음,5,"매우 심한 불쾌감, 극심하게 체하여 구토나 두통을 유발하거나, 아무것도 할 수 없는 상태.",5%,,5%,,,,5%,5%,5%,5%
,,복직근 긴장감,,,4,배가 말랑말랑함,1,"없음, 배를 눌렀을 때, 근육의 저항 없이 부드럽고 편안하게 들어감.",30%,20%,20%,20%,20%,20%,20%,20%,20%,20%
,,,,,,배에 힘이 살짝 들어간 듯함,2,"경미, 배가 전반적으로 부드러우나, 특정 부위나 피부 표면에서 가벼운 저항감이 느껴짐.",30%,18%,18%,18%,18%,18%,18%,18%,18%,18%
,,,,,,배가 딴딴함,3,"중등도, 배의 근육이 뚜렷하게 긴장되어 있어, 누를 때 명확한 저항감이 느껴짐.",30%,15%,15%,,,,15%,15%,15%,15%
,,,,,,배가 철판처럼 딱딱함,4,"심함, 배에 힘을 주고 있지 않아도 근육이 상당히 굳어 있으며, 누르기 어려울 정도의 강한 저항감이 느껴짐.",5%,,,,,,5%,5%,5%,5%
,,,,,,배가 너무 단단해서 만지지도 못함,5,"매우 심함, 환자가 힘을 빼려고 해도 배 전체가 딱딱하게 굳어 있어, 전혀 눌리지 않음.",5%,,,,,,,,,
,,복부 덩어리 만져짐,,,2,,1,덩어리가 느껴지지 않음,50%,30%,30%,30%,30%,30%,30%,30%,30%,30%
,,,,,,,2,"실제로 만져지는 덩어리는 없으나, 뭔가 뭉친 듯함",30%,,,15%,15%,15%,15%,15%,15%,15%
,,,,,,뱃속에 덩어리가 돌아다니는 것 같아요,3,덩어리가 만져졌다 안 만져졌다 하며 덩이리가 비교적 무른 편입니다,10%,,,,,,10%,10%,10%,10%
,,,,,,만져보면 물컹하게 뭉친 게 항상 그 자리에 있어요,4,"덩어리가 항상 같은 자리에 만져지나, 비교적 무르고 물컹한 느낌입니다",5%,,,,,,5%,5%,5%,5%
,,,,,,뱃속에 돌멩이처럼 딱딱한 게 만져져요,5,덩어리가 돌처럼 단단하고 고정되어 움직이지 않음,5%,,,,,,,,,
,,동계,,,2,배에서 뛰는 느낌 없음,1,"만져지지 않음, 배를 눌러도 특별한 박동감이 만져지지 않음.",60%,35%,35%,35%,35%,35%,35%,35%,35%,35%
,,,,,,배에서 뛰는 느낌 약간 만져짐,2,"경미하게 만져짐, 배를 깊게 눌러야 희미하게 박동감이 만져지는 정도.",15%,10%,10%,10%,10%,10%,10%,10%,10%,10%
,,,,,,배에서 뛰는 느낌 만져짐,3,"보통으로 만져짐, 가볍게 눌러도 박동감이 분명하게 만져짐 (예: 마른 체형의 정상 박동).",15%,,,,10%,10%,,,,
,,,,,,배에서 뛰는 느낌 잘 만져짐,4,"강하게 만져짐, 살짝만 손을 대어도 박동이 뚜렷하고 강하게 느껴짐.",5%,,,,10%,,,,,
,,,,,,배에서 뛰는 느낌이 눈으로 보임,5,매우 강하게 만져짐. 눈으로 동계가 보이는 정도.,5%,,,,,,,,,
,,장명(장에서 나는 소리),,,3,장에서 소리가 안 남,1,"없음, 배에서 '꾸르륵'하는 소리가 거의 나지 않거나, 본인이 인지하지 못함.",30%,20%,20%,20%,20%,20%,20%,20%,20%,20%
,,,,,,배가 가끔 '꼬르륵'거림,2,"간헐적, 식사와 관계없이 하루 중 몇 차례(예: 주 3~5회) 소리가 나는 것을 인지함.",30%,15%,15%,15%,15%,15%,15%,15%,15%,15%
,,,,,,배 속에서 물 흐르는 소리가 자주 남,3,"가끔, 거의 매일 '꾸르륵'하는 소리가 남. 소리가 신경 쓰이지만, 조용한 곳 외에는 큰 불편함이 없음.",20%,10%,10%,10%,10%,10%,10%,10%,10%,10%
,,,,,,장 속에서 천둥 치는 소리가 남,4,"지속적, 거의 매일 '꾸르륵'하는 소리가 남. 소리가 비교적 커서 조용한 곳(회의실, 도서관 등)에서는 신경이 쓰이거나 중등도의 불편함을 느낌.",10%,,,,,,10%,,,10%
,,,,,,배 속에서 난리가 난 듯함,5,"만성적, 하루 종일 배에서 소리가 나며, 소리가 매우 커서 주변 사람이 들을 수 있을 정도임.",10%,,,,,,5%,,,5%
,옆구리,옆구리 불편감(빈도),,,4,옆구리 통증 없음,1,"없음, 옆구리에 어떤 종류의 통증이나 불편감도 전혀 느끼지 않음.",60%,40%,40%,40%,40%,40%,40%,40%,40%,40%
,,,,,,가끔 옆구리가 찌릿함,2,"일시적, 특정 자세나 활동(몸을 비틀거나 숨을 깊게 쉴 때 등) 시에만 불편감이 잠깐 나타나며, 휴식을 취하면 완전히 사라짐.",15%,,,,,,10%,10%,10%,10%
,,,,,,자주 옆구리가 뻐근함,3,"간헐적, 주기적으로(주 1~3회) 옆구리가 결리거나 뻐근한 증상이 나타나지만, 일상생활에 큰 지장은 없음.",15%,,,,,,10%,10%,10%,10%
,,,,,,거의 매일 옆구리가 아픔,4,"지속적, 거의 매일 불편감을 느끼며, 이로 인해 특정 활동이나 자세에 제약을 받음.",5%,,,,,,,,,
,,,,,,극심한 만성 옆구리 통증,5,"만성적, 불편감이 하루 종일 지속되어, 업무나 수면 등 삶의 질 전반에 큰 영향을 줌.",5%,,,,,,,,,
,,옆구리 불편감(강도),,,4,옆구리 통증 없음,1,"없음, 통증이나 불편감이 전혀 없는 상태.",60%,40%,40%,40%,40%,40%,40%,40%,40%,40%
,,,,,,옆구리가 약간 뻐근함,2,"경미한 통증, 신경은 쓰이지만(예: 옆구리가 살짝 결림), 일상생활이나 업무에 거의 지장을 주지 않는 가벼운 통증.",15%,,,,,,10%,10%,10%,10%
,,,,,,옆구리가 쑤시고 결림,3,"중등도 통증, 통증이 계속 의식되며, 이로 인해 집중력이 다소 저하되고 숨을 쉬거나 몸을 비트는 등 일상생활에 약간의 지장을 줌.",15%,,,,,,10%,10%,10%,10%
,,,,,,옆구리를 찌르는 듯 아픔,4,"심한 통증, 통증이 매우 심하여(예: 찌르는 듯한 통증) 다른 생각을 하기 어렵고, 일상적인 활동을 지속하기 힘듦.",5%,,,,,,,,,
,,,,,,"극도의 옆구리 통증, 숨도 못 쉼",5,"매우 심한 통증, 참을 수 없을 정도로 극심한 통증으로, 숨쉬기조차 어렵거나 아무것도 할 수 없는 상태.",5%,,,,,,,,,
,등(배부),등 불편감(빈도),,,4,등 통증 없음,1,"없음, 등에 어떤 종류의 통증이나 불편감도 전혀 느끼지 않음.",60%,35%,35%,35%,35%,35%,35%,35%,35%,35%
,,,,,,가끔 등이뻐근함,2,"일시적, 특정 자세나 활동(무리한 운동, 오래 앉아있기 등) 시에만 불편감이 잠깐 나타나며, 휴식을 취하면 완전히 사라짐.",15%,8%,8%,8%,8%,8%,8%,8%,8%,8%
,,,,,,자주등이뻐근함,3,"간헐적, 주기적으로 불편감이 나타나지만(주 1~3회), 대부분의 일상생활에는 큰 지장이 없음.",15%,8%,8%,8%,8%,8%,8%,8%,8%,8%
,,,,,,거의매일등이아픔,4,"지속적, 거의 매일 불편감을 느끼며, 이로 인해 특정 활동이나 자세에 제약을 받음.",5%,,,,,,,,,
,,,,,,극심한만성등통증,5,"만성적, 불편감이 하루 종일 지속되어, 업무나 수면 등 삶의 질 전반에 큰 영향을 줌.",5%,,,,,,,,,
,,등 불편감(강도),,,4,등 통증 없음,1,"없음, 통증이 전혀 없는 상태.",60%,35%,35%,35%,35%,35%,35%,35%,35%,35%
,,,,,,등이약간뻐근함,2,"경미한 통증, 신경은 쓰이지만, 일상생활이나 업무에 거의 지장을 주지 않는 가벼운 통증.",15%,8%,8%,8%,8%,8%,8%,8%,8%,8%
,,,,,,등이쑤시고뻐근함,3,"중등도 통증, 통증이 계속 의식되며, 이로 인해 집중력이 다소 저하되고 일상생활에 약간의 지장을 줌. (진통제를 고려하게 되는 수준)",15%,8%,8%,8%,8%,8%,8%,8%,8%,8%
,,,,,,등이끊어질듯아픔,4,"심한 통증, 통증이 매우 심하여 다른 생각을 하기 어렵고, 일상적인 활동을 지속하기 힘듦.",5%,,,,,,,,,
,,,,,,극도의등통증,5,"매우 심한 통증, 참을 수 없을 정도로 극심한 통증. 통증으로 인해 아무것도 할 수 없는 상태.",5%,,,,,,,,,
,골반,골반부 불편감(빈도),,,4,골반 통증 없음,1,"없음, 골반 부위에 어떤 종류의 통증이나 불편감도 전혀 느끼지 않음.",60%,40%,40%,40%,40%,40%,40%,40%,40%,40%
,,,,,,가끔 골반이 뻐근함,2,"일시적, 특정 자세나 활동(오래 앉아있기, 걷기 등) 시에만 불편감이 잠깐 나타나며, 휴식을 취하면 완전히 사라짐.",15%,10%,10%,10%,10%,10%,10%,10%,10%,10%
,,,,,,자주 골반이 뻐근함,3,"간헐적, 주기적으로 불편감이 나타나지만(주 1~3회), 대부분의 일상생활에는 큰 지장이 없음.",15%,,,,,,,,,
,,,,,,거의 매일 골반이 아픔,4,"지속적, 거의 매일 불편감을 느끼며, 이로 인해 특정 활동이나 자세에 제약을 받음.",5%,,,,,,,,,
,,,,,,만성 골반 통증,5,"만성적, 불편감이 하루 종일 지속되어, 업무나 수면 등 삶의 질 전반에 큰 영향을 줌.",5%,,,,,,,,,
,,골반부 불편감(강도),,,4,골반 통증 없음,1,"없음, 통증이 전혀 없는 상태.",60%,40%,40%,40%,40%,40%,40%,40%,40%,40%
,,,,,,골반이 약간 뻐근함,2,"경미한 통증, 신경은 쓰이지만, 일상생활이나 업무에 거의 지장을 주지 않는 가벼운 통증.",15%,10%,10%,10%,10%,10%,10%,10%,10%,10%
,,,,,,골반이 쑤시고 아픔,3,"중등도 통증, 통증이 계속 의식되며, 이로 인해 집중력이 다소 저하되고 일상생활에 약간의 지장을 줌. (진통제를 고려하게 되는 수준)",15%,,,,,,,,,
,,,,,,골반이 끊어질 듯 아픔,4,"심한 통증, 통증이 매우 심하여 다른 생각을 하기 어렵고, 일상적인 활동을 지속하기 힘듦.",5%,,,,,,,,,
,,,,,,극도의 골반 통증,5,"매우 심한 통증, 참을 수 없을 정도로 극심한 통증. 통증으로 인해 아무것도 할 수 없는 상태.",5%,,,,,,,,,
,어깨,어깨 불편감(빈도),,,4,어깨 통증 없음,1,"없음, 어깨에 어떤 종류의 통증이나 불편감도 전혀 느끼지 않음.",60%,43%,43%,43%,43%,43%,43%,43%,43%,43%
,,,,,,가끔 어깨가 뻐근함,2,"일시적, 특정 자세나 활동(운동, 컴퓨터 사용 등) 시에만 불편감이 잠깐 나타나며, 휴식을 취하면 완전히 사라짐.",15%,8%,8%,8%,8%,8%,8%,8%,8%,8%
,,,,,,자주 어깨가 뻐근함,3,"간헐적, 주기적으로(주 1~3회) 어깨가 뭉치거나 뻐근한 증상이 나타나지만, 일상생활에 큰 지장은 없음.",15%,,,,,,,,,
,,,,,,거의 매일 어깨가 아픔,4,"지속적, 거의 매일 불편감을 느끼며, 이로 인해 팔을 들거나 돌리는 동작에 제약을 받음.",5%,,,,,,,,,
,,,,,,만성 어깨 통증,5,"만성적, 불편감이 하루 종일 지속되어, 업무나 수면(예: 특정 방향으로 눕기 힘듦) 등 삶의 질 전반에 큰 영향을 줌.",5%,,,,,,,,,
,,어깨 불편감(강도),,,4,어깨 통증 없음,1,"없음, 통증이나 불편감이 전혀 없는 상태.",60%,43%,43%,43%,43%,43%,43%,43%,43%,43%
,,,,,,어깨가 약간 뭉침,2,"경미한 통증, 신경은 쓰이지만(예: 어깨가 뭉친 느낌), 일상생활이나 업무에 거의 지장을 주지 않는 가벼운 통증.",15%,8%,8%,8%,8%,8%,8%,8%,8%,8%
,,,,,,어깨가 쑤시고 결림,3,"중등도 통증, 통증이 계속 의식되며, 이로 인해 집중력이 다소 저하되고 팔을 특정 각도로 드는 등 일상생활에 약간의 지장을 줌.",15%,,,,,,,,,
,,,,,,"어깨가 매우 무거움, 심한 통증",4,"심한 통증, 통증이 매우 심하여(예: 어깨에 돌을 얹은 듯 무거움) 다른 생각을 하기 어렵고, 일상적인 활동을 지속하기 힘듦.",5%,,,,,,,,,
,,,,,,극도의 어깨 통증,5,"매우 심한 통증, 참을 수 없을 정도로 극심한 통증(예: 팔이 빠질 듯한 통증)으로, 팔을 거의 움직일 수 없거나 아무것도 할 수 없는 상태.",5%,,,,,,,,,
,팔꿈치,팔꿈치불편감(빈도),,,4,팔꿈치 통증 없음,1,"없음, 팔꿈치에 어떤 종류의 통증이나 불편감도 전혀 느끼지 않음.",60%,43%,43%,43%,43%,43%,43%,43%,43%,43%
,,,,,,가끔 팔꿈치가 시큰거림,2,"일시적, 특정 활동(운동, 무거운 물건 들기, 반복 작업 등) 시에만 불편감이 잠깐 나타나며, 휴식을 취하면 완전히 사라짐.",15%,8%,8%,8%,8%,8%,8%,8%,8%,8%
,,,,,,자주 팔꿈치가 뻐근함,3,"간헐적, 주기적으로(주 1~3회) 팔꿈치가 뻐근하거나 쑤시는 증상이 나타나지만, 일상생활에 큰 지장은 없음.",15%,,,,,,,,,
,,,,,,거의 매일 팔꿈치가 아픔,4,"지속적, 거의 매일 불편감을 느끼며, 이로 인해 팔을 펴거나 굽히는 동작, 물건을 쥐는 동작에 제약을 받음.",5%,,,,,,,,,
,,,,,,만성 팔꿈치 통증,5,"만성적, 불편감이 하루 종일 지속되어, 업무나 수면 등 삶의 질 전반에 큰 영향을 줌.",5%,,,,,,,,,
,,팔꿈치불편감(강도),,,4,팔꿈치 통증 없음,1,"없음, 통증이나 불편감이 전혀 없는 상태.",60%,43%,43%,43%,43%,43%,43%,43%,43%,43%
,,,,,,팔꿈치가 약간 시큰거림,2,"경미한 통증, 신경은 쓰이지만(예: 팔꿈치가 살짝 시큰거림), 일상생활이나 업무에 거의 지장을 주지 않는 가벼운 통증.",15%,8%,8%,8%,8%,8%,8%,8%,8%,8%
,,,,,,팔꿈치가 쑤시고 아픔,3,"중등도 통증, 통증이 계속 의식되며, 이로 인해 집중력이 다소 저하되고 문고리를 돌리거나 행주를 짜는 등 일상생활에 약간의 지장을 줌.",15%,,,,,,,,,
,,,,,,"팔꿈치가 찌릿하고 아픔, 심한 통증",4,"심한 통증, 통증이 매우 심하여(예: 전기가 오듯 찌릿함) 다른 생각을 하기 어렵고, 일상적인 활동을 지속하기 힘듦.",5%,,,,,,,,,
,,,,,,극도의 팔꿈치 통증,5,"매우 심한 통증, 참을 수 없을 정도로 극심한 통증으로, 팔을 거의 움직일 수 없거나 가벼운 물건조차 들 수 없는 상태.",5%,,,,,,,,,
,"손, 발",손 또는 발 불편감(빈도),,,4,손 또는 발 통증 없음,1,"없음, 손 또는 발에 어떤 종류의 통증이나 불편감도 전혀 느끼지 않음.",60%,43%,43%,43%,43%,43%,43%,43%,43%,43%
,,,,,,가끔 손 또는 발이 뻐근함,2,"일시적, 특정 활동 시에만 손, 발에 불편감이 잠깐 나타나며, 휴식을 취하면 완전히 사라짐.",15%,8%,8%,8%,8%,8%,8%,8%,8%,8%
,,,,,,자주 손 또는 발이 뻐근함,3,"간헐적, 주기적으로 손, 발에 불편감이 나타나지만, 대부분의 일상생활에는 큰 지장이 없음.",15%,,,,,,,,,
,,,,,,거의 매일 손 또는 발이 아픔,4,"지속적, 거의 매일 손, 발에 불편감을 느끼며, 이로 인해 특정 활동에 제약을 받음.",5%,,,,,,,,,
,,,,,,만성 손 또는 발이통증,5,"만성적, 손, 발에 불편감이 하루 종일 지속되어, 업무나 수면 등 삶의 질 전반에 큰 영향을 줌.",5%,,,,,,,,,
,,손 또는 발 불편감(강도),,,4,손 통증 없음,1,"없음, 통증이 전혀 없는 상태.",60%,43%,43%,43%,43%,43%,43%,43%,43%,43%
,,,,,,"손가락이 약간 뻐근함, 손이 살짝 시큰거림",2,"경미한 통증, 신경은 쓰이지만, 일상생활이나 업무에 거의 지장을 주지 않는 가벼운 통증.",15%,8%,8%,8%,8%,8%,8%,8%,8%,8%
,,,,,,손 전체가 쑤시고 아픔,3,"중등도 통증, 통증이 계속 의식되며, 이로 인해 집중력이 다소 저하되고 일상생활에 약간의 지장을 줌. (진통제를 고려하게 되는 수준)",15%,,,,,,,,,
,,,,,,"손이 타는 듯이 아픔, 저리고 감각이 둔해짐",4,"심한 통증, 통증이 매우 심하여 다른 생각을 하기 어렵고, 일상적인 활동을 지속하기 힘듦.",5%,,,,,,,,,
,,,,,,손이 마비되는 듯함,5,"매우 심한 통증, 참을 수 없을 정도로 극심한 통증. 통증으로 인해 아무것도 할 수 없는 상태.",5%,,,,,,,,,
,,수족냉증(손발냉감),,,2,손발이 차지 않음,1,"없음, 손발에 특별한 냉감을 느끼지 않음.",40%,,25%,25%,,25%,25%,25%,25%,25%
,,,,,,가끔 손발이 차가움,2,"경미, 추운 날씨나 긴장할 때만 손발이 차가워지며, 따뜻하게 해주면 금방 회복됨.",30%,25%,25%,25%,25%,25%,25%,25%,25%,25%
,,,,,,손발이 찬 편,3,"중등도, 실내 온도에서도 손발이 자주 차갑다고 느끼며, 따뜻해지는 데 시간이 걸림.",15%,15%,,,15%,,,,,
,,,,,,손발이 얼음장 같음,4,"심함, 손발이 거의 항상 얼음장처럼 차갑게 느껴져 뚜렷한 불편감을 유발하며, 수면에 영향을 주기도 함.",10%,10%,,,10%,,,,,
,,,,,,손발이 시려서 아픔,5,"매우 심함, 냉감이 매우 심하여 통증, 저림, 감각 저하, 혹은 피부색 변화(창백해짐)를 동반하며, 일상생활에 큰 지장을 줌.",5%,5%,,,5%,,,,,
,고관절,다리 불편감,,,4,다리 불편함 없음,1,"없음, 다리가 뻣뻣하거나 경련이 일어나는 증상이 전혀 없으며, 다리를 펴고 굽히는 데 아무런 불편함이 없음.",60%,40%,40%,40%,40%,40%,40%,40%,40%,40%
,,,,,,가끔 다리에 쥐가 남,2,"일시적, 일시적으로 뻣뻣하거나 가벼운 경련(쥐)이 남. 휴식 시 금방 호전되며, 펴고 굽히는 데 큰 어려움은 없음.",20%,10%,10%,10%,10%,10%,10%,10%,10%,10%
,,,,,,주기적으로 밤에 쥐가 남,3,"간헐적, 주기적으로(예: 주 1~3회, 주로 밤이나 아침) 다리가 뻣뻣하거나 경련이 발생함.",10%,5%,,,,,,,,
,,,,,,거의 매일 다리가 뻣뻣함,4,"지속적, 거의 매일 다리의 뻣뻣함이나 경련을 느낌. 계단을 오르거나, 앉았다 일어설 때 다리를 펴고 굽히는 동작이 눈에 띄게 힘들고 통증이 동반됨.",10%,,,,,,,,,
,무릎,슬부 불편감(빈도),,,4,무릎 통증 없음,1,"없음, 무릎(슬부)에 어떤 종류의 통증이나 불편감도 전혀 느끼지 않음.",60%,30%,30%,30%,30%,30%,30%,30%,30%,30%
,,,,,,가끔 무릎이 시큰함,2,"일시적, 특정 자세나 활동(계단 오르내리기, 오래 걷기 등) 시에만 불편감이 잠깐 나타나며, 휴식을 취하면 완전히 사라짐.",15%,10%,10%,10%,10%,10%,10%,10%,10%,10%
,,,,,,무릎이 종종 뻐근함,3,"간헐적, 주기적으로 불편감이 나타나지만(주 1~3회), 대부분의 일상생활에는 큰 지장이 없음.",15%,10%,10%,10%,10%,10%,10%,10%,10%,10%
,,,,,,거의 매일 무릎이 아픔,4,"지속적, 거의 매일 불편감을 느끼며, 이로 인해 특정 활동(계단 이용, 쪼그려 앉기 등)이나 자세에 제약을 받음.",5%,,,,,,,,,
,,,,,,하루 종일 무릎이 아픔,5,"만성적, 불편감이 하루 종일 지속되어, 걷기나 수면 등 삶의 질 전반에 큰 영향을 줌.",5%,,,,,,,,,
,,슬부 불편감(강도),,,4,무릎 통증 없음,1,"없음, 통증이 전혀 없는 상태.",60%,30%,30%,30%,30%,30%,30%,30%,30%,30%
,,,,,,"무릎이 약간 시큰거림, 가벼운 뻐근함",2,"경미한 통증, 신경은 쓰이지만, 일상생활이나 업무에 거의 지장을 주지 않는 가벼운 통증.",15%,10%,10%,10%,10%,10%,10%,10%,10%,10%
,,,,,,"무릎이 쑤시고 욱신거림, 앉았다 일어설 때 통증",3,"중등도 통증, 통증이 계속 의식되며, 이로 인해 집중력이 다소 저하되고 일상생활에 약간의 지장을 줌. (진통제를 고려하게 되는 수준)",15%,10%,10%,10%,10%,10%,10%,10%,10%,10%
,,,,,,무릎이 깨질 듯 아픔,4,"심한 통증, 통증이 매우 심하여 다른 생각을 하기 어렵고, 일상적인 활동을 지속하기 힘듦.",5%,,,,,,,,,
,,,,,,무릎이 아파 움직일 수 없음,5,"매우 심한 통증, 참을 수 없을 정도로 극심한 통증. 통증으로 인해 아무것도 할 수 없는 상태.",5%,,,,,,,,,
환자 정신 및 감정 상태,,득신/실신,,,4,정신이 맑고 깨끗함,1,"매우 맑음, 정신이 매우 맑고 깨끗하며, 머리가 상쾌하고 집중력이 높은 최상의 상태.",10%,10%,10%,10%,10%,10%,10%,10%,10%,10%
,,,,,,정신이 맑고 깨끗한 편이나 가끔 깜박함,2,"대체로 맑음, 정신이 대체로 맑고 깨끗한 편이나, 피곤하거나 스트레스를 받으면 가끔 멍해지거나 깜빡 잊어버릴 때가 있음.",50%,40%,40%,40%,40%,40%,40%,40%,40%,40%
,,,,,,정신이 가끔 흐릿해지고 가끔 깜박함,3,"경미한 혼미, 정신이 안개 낀 것처럼 가끔 흐려지고, 생각이 잘 정리되지 않으며, 사소한 일을 자주 깜빡함.",25%,,,,,,,,,
,,,,,,정신이 자주 흐릿해지고 자주 깜박함,4,"중등도 혼미, 정신이 자주 흐릿하고 멍한 상태가 지속됨. 이로 인해 집중력에 뚜렷한 저하를 느끼며, 업무나 학업 등 일상생활에 지장을 받음.",10%,,,,,,,,,
,,,,,,정신이 흐릿하고 일상생활이 어려움,5,"심한 혼미, 정신이 매우 흐릿하고 혼미하여, 사고나 판단이 어려움. 의식이 몽롱하여 일상생활을 영위하는 것 자체가 어려움.",5%,,,,,,,,,
,,기억력저하,,,4,기억력 좋음,1,"매우 좋음, 기억력에 전혀 문제가 없음.",10%,10%,10%,10%,10%,10%,10%,10%,10%,10%
,,,,,,깜빡하는 일 없음,2,"좋음, 기억력에 문제가 없음.",50%,40%,40%,40%,40%,40%,40%,40%,40%,40%
,,,,,,자주 깜빡깜빡함,3,"약간 나쁨, 깜빡하는 횟수가 뚜렷하게 늘었다고 스스로 인지하며(예: 약속, 사람 이름), 이로 인해 메모나 알람에 의존하게 됨.",25%,,,,,,,,,
,,,,,,기억력 때문에 업무에 지장,4,"나쁨, 중요한 약속이나 최근 대화 내용을 잊어버리는 등, 기억력 저하로 인해 업무나 일상적인 활동에 뚜렷한 지장을 받음.",10%,,,,,,,,,
,,,,,,심각한 건망증,5,"매우 나쁨, 방금 일어난 일이나 익숙한 정보(예: 가족 이름)도 기억하기 어려움.",5%,,,,,,,,,
,,의욕 저하,,,3,매사에 의욕 충만,1,"매우 높은 편, 일상적인 활동이나 업무를 긍정적이고 능동적으로 수행하며, 의욕이 넘침",10%,5%,5%,5%,5%,5%,5%,5%,5%,5%
,,,,,,대체로 활력이 있음,2,"높은 편, 일상적인 활동이나 업무를 긍정적이고 능동적으로 수행하며, 대체로 의욕이 있는 편.",20%,10%,10%,10%,10%,10%,10%,10%,10%,10%
,,,,,,열정 없이 하루하루 보냄,3,"보통, 해야 할 일은 수행하지만, 그 이상의 적극적인 의욕이나 열정은 부족한 일반적인 상태.",40%,30%,30%,30%,30%,30%,30%,30%,30%,30%
,,,,,,만성 게으름,4,"저하, 매사에 의욕이 없고, 간단한 일상 활동조차 귀찮고 힘들게 느껴지며, 소극적이거나 회피하는 경향이 생김.",20%,,,10%,10%,,,,,
,,,,,,"완전 무기력, 살아갈 의미 없음",5,"매우 저하, 의욕이 완전히 상실되어, 식사, 수면 등 기본적인 활동을 포함한 모든 일에 흥미나 관심이 없는 무기력한 상태.",10%,,,10%,10%,,,,,
,,스트레스 대처력,,,4,마음이 매우 약함,1,"매우 낮음, 사소한 스트레스에도 쉽게 압도되며, 이로 인해 감정적으로 무너지거나(무기력, 불안) 일상생활을 영위하는 것 자체가 어려움.",10%,5%,5%,5%,5%,5%,5%,5%,5%,5%
,,,,,,스트레스를 잘 받음,2,"낮은 편, 스트레스에 민감하게 반응하며, 감정(짜증, 우울)이나 신체 증상(소화불량, 두통)으로 쉽게 이어져 일상에 지장을 줌.",20%,10%,10%,10%,10%,10%,10%,10%,10%,10%
,,,,,,스트레스를 보통 정도로 받음,3,"보통, 스트레스를 받으면 불편감(짜증, 피로)을 느끼지만, 시간이 지나면 해소됨.",40%,20%,20%,20%,20%,20%,20%,20%,20%,20%
,,,,,,마음 다스리는 것을 잘함,4,"높은 편, 스트레스를 받아도 스스로 조절하려 노력하며, 일상에 큰 지장이 없음.",20%,10%,10%,10%,10%,10%,10%,10%,10%,10%
,,,,,,정신력이 아주 강함,5,"매우 높은 편, 스트레스를 받아도 스스로 조절하며 스트레스 상황을 즐김",10%,5%,5%,5%,5%,5%,5%,5%,5%,5%
,,감정 기복,,,3,마음이 늘 평온함,1,"매우 안정적, 어떤 상황에서도 감정이 안정되어 있음. ",10%,5%,5%,5%,5%,5%,5%,5%,5%,5%
,,,,,,마음이 안정적,2,"안정적, 대체로 감정이 안정되어 있으나, 특별한 이벤트가 있을 때만 감정의 변화를 보임.",20%,10%,10%,10%,10%,10%,10%,10%,10%,10%
,,,,,,기분 좋았다 나빴다 하는 게 보통,3,"보통, 상황에 따라 기분이 좋기도 하고 나빠지기도 하는 일반적인 수준의 감정 기복을 보임.",40%,20%,20%,20%,20%,20%,20%,20%,20%,20%
,,,,,,기분이 쉽게 변함,4,"기복이 심한 편, 사소한 일에도 기분이 좋았다가 나빴다가 쉽게 변하며(예: 롤러코스터), 스스로 감정 조절이 어렵다고 느낌.",20%,10%,10%,10%,10%,10%,10%,10%,10%,10%
,,,,,,"감정을 주체 못 함, 욱하는 성질",5,"매우 심함, 감정의 변동 폭이 매우 크고 충동적인 결정을 하거나 대인관계에서 잦은 마찰을 빚는 등 일상에 큰 지장을 줌.",10%,5%,5%,5%,5%,5%,5%,5%,5%,5%
,성격-음양,완급(느긋함/급함),,,4,매우 느린 성격,1,"매우 느긋함, 행동, 말투, 결정이 매우 느리고 신중하며, 외부 자극에 거의 동요하지 않음.",10%,5%,5%,5%,5%,5%,5%,5%,5%,5%
,,,,,,느긋함,2,"느긋한 편, 대체로 여유가 있고, 서두르는 법이 없음.",20%,10%,10%,10%,10%,10%,10%,10%,10%,10%
,,,,,,성격이 느긋하지도 급하지도 않음,3,"보통, 상황에 따라 속도를 조절할 수 있음.",40%,20%,20%,20%,20%,20%,20%,20%,20%,20%
,,,,,,성격이급함,4,"급한 편, 행동이 빠릿빠릿하고, 기다리는 것을 잘 못 참음.",20%,10%,10%,10%,10%,10%,10%,10%,10%,10%
,,,,,,매우성급함,5,"매우 급함, 성격이 불같고, 말과 행동이 동시에 나갈 정도로 반응이 즉각적임.",10%,5%,5%,5%,5%,5%,5%,5%,5%,5%
,,강유(부드러움/감함),,,4,"매우 유순함, 순둥이",1,"매우 부드러움, 자기주장이 거의 없고, 타인의 의견에 잘 따르며, 갈등을 극도로 회피함.",10%,5%,5%,5%,5%,5%,5%,5%,5%,5%
,,,,,,성격이 온화함,2,"부드러운 편, 온화하고 공감 능력이 뛰어나며, 타인을 잘 배려함.",20%,10%,10%,10%,10%,10%,10%,10%,10%,10%
,,,,,,자기주장이강하지 않음,3,"보통, 강함과 부드러움의 중간 정도.",40%,20%,20%,20%,20%,20%,20%,20%,20%,20%
,,,,,,"자기주장이강함, 고집이센편",4,"강한 편, 자기주장과 신념이 뚜렷하고, 리더십이 있음.",20%,10%,10%,10%,10%,10%,10%,10%,10%,10%
,,,,,,아집이매우강함,5,"매우 강함, 의지가 매우 강하여 절대 굽히지 않으며, 고집이 세다는 말을 자주 들음.",10%,5%,5%,5%,5%,5%,5%,5%,5%,5%
,,내외(내성적/외향적),,,4,바깥 활동을 싫어하고 집에만 있음,1,"매우 내향적, 혼자만의 시간을 통해 에너지를 얻으며, 사교 활동은 큰 에너지 소모로 느낌.",10%,5%,5%,5%,5%,5%,5%,5%,5%,5%
,,,,,,조용하고말수가적음,2,"내향적인 편, 소수의 깊은 관계를 선호하며, 말수가 적고 신중함.",20%,10%,10%,10%,10%,10%,10%,10%,10%,10%
,,,,,,혼자도좋고같이도좋음,3,"중립적 / 양향성, 혼자 있는 것도, 사람들과 어울리는 것도 편안하게 느낌.",40%,20%,20%,20%,20%,20%,20%,20%,20%,20%
,,,,,,활동적인편,4,"외향적인 편, 사람들과 어울리기를 즐기며, 사교 활동을 통해 에너지를 얻음.",20%,10%,10%,10%,10%,10%,10%,10%,10%,10%
,,,,,,혼자있으면매우 심심해함,5,"매우 외향적, 항상 주변에 사람이 있어야 하며, 혼자 있는 것을 매우 힘들어함.",10%,5%,5%,5%,5%,5%,5%,5%,5%,5%
,,동정(정적/동적),,,4,"가만히 있는 것을 좋아함, 움직이는 것을 싫어함",1,"매우 정적, 몸을 움직이는 것을 싫어하고, 앉거나 누워서 하는 활동(독서, 명상)을 절대적으로 선호함.",10%,5%,5%,5%,5%,5%,5%,5%,5%,5%
,,,,,,몸을잘 움직이지 않음,2,"정적인 편, 활동적인 것보다는 조용하고 차분한 활동을 더 즐김.",20%,10%,10%,10%,10%,10%,10%,10%,10%,10%
,,,,,,가끔움직이고가끔쉼,3,"보통, 정적인 활동과 동적인 활동을 균형 있게 즐김.",40%,20%,20%,20%,20%,20%,20%,20%,20%,20%
,,,,,,몸을자주움직임,4,"동적인 편, 가만히 있는 것을 답답해하며, 몸을 움직이는 활동(운동, 여행)을 즐김.",20%,10%,10%,10%,10%,10%,10%,10%,10%,10%
,,,,,,쉴새없이움직임,5,"매우 동적, 항상 움직여야 직성이 풀리며, 에너지가 넘쳐 한시도 가만히 있지 못함.",10%,5%,5%,5%,5%,5%,5%,5%,5%,5%
,,목소리크기(성음크기),,,3,"목소리가 너무 작음, ",1,"매우 작음, 목소리에 힘이 전혀 없고, 작게 속삭이는 듯하여 상대방이 잘 알아듣기 힘듦.",10%,5%,5%,5%,5%,5%,5%,5%,5%,5%
,,,,,,조용조용한 목소리,2,"작은 편, 목소리가 가늘고 조용한 편. 평소 말수가 적고, 큰 소리를 내기 힘들어함.",20%,10%,10%,10%,10%,10%,10%,10%,10%,10%
,,,,,,또렷한 보통 목소리,3,"보통, 너무 크지도 작지도 않은 적당한 크기. 의사 전달에 무리가 없는 또렷한 목소리.",40%,20%,20%,20%,20%,20%,20%,20%,20%,20%
,,,,,,목소리가 크고 우렁참,4,"큰 편, 목소리가 크고 힘이 있으며, 멀리서도 잘 들림. 발성에 자신감이 넘침.",20%,10%,10%,,,10%,10%,10%,10%,10%
,,,,,,쩌렁쩌렁한 목소리,5,"매우 큼, 목소리가 매우 커서 쩌렁쩌렁 울리며, 때로는 시끄럽게 느껴질 정도임.",10%,5%,5%,,,5%,5%,5%,5%,5%
,감정-칠정,흥분정도(차분함),,,3,성품이 매우 차분함,1,"매우 차분함, 감정 기복이 거의 없고, 마음이 항상 잔잔한 호수처럼 평온하고 안정된 상태.",10%,5%,5%,5%,5%,5%,5%,5%,5%,5%
,,,,,,차분함,2,"차분한 편, 대체로 감정이 안정되어 있으며, 사소한 일에 쉽게 들뜨거나 동요하지 않음.",20%,10%,10%,10%,10%,10%,10%,10%,10%,10%
,,,,,,보통 수준,3,"보통, 상황에 맞게 기뻐하고 차분해지는 등 감정의 균형이 잘 잡혀 있음.",40%,20%,20%,20%,20%,20%,20%,20%,20%,20%
,,,,,,들뜨고 부산함,4,"들뜨는 경향, 기분이 쉽게 고조되고, 말이 많아지거나 행동이 부산해지는 등 차분하지 못한 경향이 있음.",20%,10%,10%,10%,10%,10%,10%,10%,10%,10%
,,,,,,쉽게 들뜨고 감정을 주체 못 함,5,"매우 흥분됨, 감정이 과도하게 항진되어, 잠을 자지 않아도 피곤하지 않거나, 충동적인 행동을 제어하기 어려움.",10%,5%,5%,5%,5%,5%,5%,5%,5%,5%
,,노(화냄/평온),,,4,화를 전혀 안 냄,1,"매우 평온함, 화나 짜증을 거의 내지 않으며, 불쾌한 자극에도 매우 너그럽고 관대한 상태.",10%,5%,5%,5%,5%,5%,5%,5%,5%,5%
,,,,,,화를 잘 참음,2,"잘 참는 편, 화가 나도 잘 표현하지 않고 속으로 삭이거나, 감정 조절을 잘 하는 편.",20%,10%,10%,10%,10%,10%,10%,10%,10%,10%
,,,,,,화가 나면 적절하게 표현,3,"보통, 부당하거나 불합리한 상황에서는 적절하게 화를 표현하지만, 금방 풀리는 편.",40%,20%,20%,20%,20%,20%,20%,20%,20%,20%
,,,,,,쉽게 화냄,4,"짜증/신경질, 사소한 일에도 쉽게 짜증이 나거나 신경질적인 반응을 보이며, 욱하는 경향이 있음.",20%,10%,10%,,,10%,10%,10%,10%,10%
,,,,,,분노 조절 불가,5,"격노/분노, 분노를 참기 어려워 격앙된 반응(욕설, 폭력성, 물건 던지기 등)을 자주 보임.",10%,5%,5%,,,5%,5%,5%,5%,5%
,,우울(우울함),,,4,매우 낙관적,1,"매우 긍정적, 거의 우울감을 느끼지 않으며, 매사에 긍정적이고 낙관적인 태도를 가짐.",10%,5%,5%,5%,5%,5%,5%,5%,5%,
,,,,,,낙관적,2,"긍정적인 편, 가끔 기분이 저하될 때가 있지만, 금방 회복하고 스스로를 잘 다독임.",20%,10%,10%,10%,10%,10%,10%,10%,10%,10%
,,,,,,보통 기분,3,"보통, 상황에 따라 기분이 좋기도 하고 우울해지기도 하는 일반적인 감정 상태.",40%,20%,20%,20%,20%,20%,20%,20%,20%,20%
,,,,,,기분이잘가라앉음,4,"우울감 경향, 기분이 자주 가라앉고, 매사에 의욕이 없으며(무기력), 소극적이거나 회피하는 경향이 생김.",20%,10%,10%,10%,10%,10%,10%,10%,10%,10%
,,,,,,매우 심한 우울함,5,"심한 우울감, 만성적인 우울감과 무기력감으로 인해, 표정이 없어지거나(무표정), 외부 자극에 반응이 없는(무감흥) 등 일상생활에 큰 지장을 줌.",10%,5%,5%,5%,5%,5%,5%,5%,5%,5%
,,불안,,,4,마음이 평온함,1,"없음, 불안하거나 초조한 느낌이 전혀 없는 상태.",10%,5%,5%,5%,5%,5%,5%,5%,5%,5%
,,,,,,특정 상황에서만 조금 긴장,2,"평상시는 괜찮음, 일이 있을 때 불안해 짐",20%,10%,10%,10%,10%,10%,10%,10%,10%,10%
,,,,,,자꾸 불안함이 엄습,3,"약간 불안함, 불안감이 계속 의식되며, 이로 인해 집중력이 다소 저하되고 안절부절못하는 등 일상생활에 약간의 지장을 줌.",40%,20%,20%,20%,20%,20%,20%,20%,20%,20%
,,,,,,극심한 불안,4,"불안함, 불안감이 매우 심하여(예: 가슴이 두근거림) 다른 생각을 하기 어렵고, 일상적인 활동을 지속하기 힘듦.",20%,10%,10%,10%,10%,10%,10%,10%,10%,10%
,,,,,,"공황 발작, 패닉 상태",5,"매우 불안함, 극심한 불안감이나 공포로, 호흡이 곤란해지기도 함.",10%,5%,5%,5%,5%,5%,5%,5%,5%,5%
,,공(두려움/용기),,,4,겁이거의없음,1,"매우 용감함, 두려움이나 공포를 거의 느끼지 않으며, 갑작스러운 자극에도 거의 놀라지 않는 무덤덤한 상태.",10%,5%,5%,5%,5%,5%,5%,5%,5%,5%
,,,,,,겁이없는 편,2,"차분한 편, 낯선 상황이나 자극에도 비교적 침착하게 대응하며, 겁이 많지 않고 안정된 편.",20%,10%,10%,10%,10%,10%,10%,10%,10%,10%
,,,,,,무서울일에무서워함,3,"보통, 위험한 상황에서는 두려움을 느끼고, 예상치 못한 자극에는 놀라는 일반적인 감정 상태.",40%,20%,20%,20%,20%,20%,20%,20%,20%,20%
,,,,,,겁이 많음,4,"불안/예민, 사소한 소리나 자극에도 깜짝깜짝 잘 놀라며, 미래의 일에 대해 미리 걱정하고 초조해하는(조바심) 경향이 있음.",20%,10%,10%,10%,10%,10%,10%,10%,10%,10%
,,,,,,"심각한공포증, 숨막힐듯한두려움",5,"심한 공포/불안, 특정 대상이나 상황에 대해 극심한 공포를 느끼거나, 이유 없는 불안감(안절부절)으로 인해 일상생활에 큰 지장을 줌.",10%,5%,5%,5%,5%,5%,5%,5%,5%,5%
,,놀람(잘놀람/평온함),,,4,"깜짝 놀라는 일 없음, 무던함",1,"매우 무덤덤함, 예상치 못한 큰 소리나 갑작스러운 자극에도 거의 놀라지 않는 무덤덤한 상태.",10%,5%,5%,,5%,5%,5%,5%,5%,5%
,,,,,,잘 놀라지 않음,2,"차분한 편, 웬만한 자극에는 크게 놀라지 않으며, 갑작스러운 상황에도 비교적 침착하게 대응함.",20%,10%,10%,10%,10%,10%,10%,10%,10%,10%
,,,,,,적당히 놀람,3,"보통, 예상치 못한 큰 소리나 움직임에는 깜짝 놀라는 일반적인 반응을 보임.",40%,20%,20%,20%,20%,20%,20%,20%,20%,20%
,,,,,,잘놀람,4,"잘 놀람, 사소한 소리나 인기척, 작은 움직임에도 깜짝깜짝 잘 놀라며, 남들보다 예민하다는 소리를 들음.",20%,10%,10%,10%,10%,10%,10%,10%,10%,10%
,,,,,,깜짝깜짝잘놀람,5,"매우 예민함, 아주 작은 자극에도 심장이 '쿵' 내려앉는 듯 크게 놀라며, 이로 인해 일상적인 긴장도가 높고 쉽게 피로해짐.",10%,5%,5%,5%,5%,5%,5%,5%,5%,5%
,,생각(생각많음/적음),,,4,걱정 없이 단순함,1,"매우 평온함, 생각이 복잡하지 않고 마음이 평온하며, 불필요한 걱정이나 잡념이 거의 없는 상태.",10%,5%,5%,5%,5%,5%,5%,5%,5%,5%
,,,,,,생각이 조금 있는 편,2,"생각이 조금 있는 편, 일상적인 고민이나 생각은 있지만, 한 가지 생각에 오래 얽매이지 않고 잘 떨쳐내는 편.",20%,10%,10%,10%,10%,10%,10%,10%,10%,10%
,,,,,,보통 수준,3,"생각이 많음, 한번 생각에 빠지면 꼬리를 물고 이어지는 '생각이 많은' 경향이 있음.",40%,20%,20%,20%,20%,20%,20%,20%,20%,20%
,,,,,,"생각이 너무 많음, 걱정을 달고 삶",4,"긴장/예민 상태, 과도한 걱정으로 인해 신경이 '긴장'되고 '예민'해져, 사소한 일에도 날카롭고(까칠) 곤두서는 상태가 됨.",20%,10%,10%,10%,10%,10%,10%,10%,10%,10%
,,,,,,망상 수준으로 생각이 많음,5,"집착/고통 상태, 특정 생각('억울'한 일, '걱정' 등)에 '집착'하게 되어, '노심초사'하며 일상생활이 어려울 정도로 정신적 고통을 느낌.",10%,5%,5%,5%,5%,5%,5%,5%,5%,5%
,,비탄(슬픔많음/적음),,,4,슬픔에 둔감함,1,"매우 긍정적, 슬픔을 거의 느끼지 않으며, 비관적인 상황에서도 긍정적인 면을 보려 하는 낙관적인 상태.",10%,5%,5%,5%,5%,5%,5%,5%,5%,5%
,,,,,,슬퍼도 금방 이겨냄,2,"긍정적인 편, 슬픈 감정을 느끼더라도, 그 감정에 오래 머무르지 않고 금방 회복하거나 잘 이겨내는 편.",20%,10%,10%,10%,10%,10%,10%,10%,10%,10%
,,,,,,슬플 때 슬퍼함,3,"보통, 상황에 맞게 슬픔을 느끼고, 적절하게 감정을 표현하며 해소하는 일반적인 상태.",40%,20%,20%,20%,20%,20%,20%,20%,20%,20%
,,,,,,눈물이 많고 감수성이 풍부함,4,"슬픈 경향, 감수성이 풍부하여 쉽게 슬픔을 느끼고(예: 영화나 드라마에도 깊이 공감), 사소한 일에도 눈물이 나거나 비관적인 생각을 하는 경향이 있음.",20%,10%,10%,10%,10%,10%,10%,10%,10%,10%
,,,,,,슬픔에 잠겨서 헤어 나오지 못함,5,"심한 비애, 만성적인 슬픔이나 비애감에 빠져있으며, 이로 인해 매사에 의욕이 없고(무기력) 일상생활에 큰 지장을 줌.",10%,5%,5%,5%,5%,5%,5%,5%,5%,5%
의사진찰소견,맥,맥 부침 정도(부침),,,1,"맥이매우얕게잡힘, 피부에살짝대도강하게느껴짐",1,매우 떠 있음(부맥),10%,,10%,,,,,,,
,,,,,,살짝눌러도맥이잘느껴짐,2,떠 있음(부맥),20%,5%,5%,10%,5%,10%,10%,10%,10%,10%
,,,,,,적당한압력으로눌러야잘느껴짐,3,중간,40%,25%,25%,25%,25%,25%,25%,25%,25%,25%
,,,,,,깊이눌러야겨우느껴짐,4,가라앉아 있음(침맥),20%,15%,5%,10%,15%,10%,10%,10%,10%,10%
,,,,,,맥이속에숨어있는느낌,5,매우 가라앉아 있음(복맥),10%,5%,,,10%,,10%,,,
,,맥 폭 정도(대세),,,2,맥이 실처럼 가늘게 잡힘,1,매우 가늠(극세맥),10%,,,,,,,,,
,,,,,,맥이 가늘게 잡힘,2,가늠(세맥),20%,10%,10%,10%,15%,15%,10%,10%,10%,10%
,,,,,,맥의 굵기가 보통,3,중간,40%,25%,25%,25%,25%,30%,25%,25%,25%,25%
,,,,,,맥이 굵고 넓게 잡힘,4,넓음(부맥),20%,10%,10%,10%,5%,5%,10%,10%,10%,10%
,,,,,,맥이 아주 두껍게 잡힘,5,매우 넓음(大맥),10%,,5%,,,,,,,
,,맥 길이 정도(장단),,,2,맥이 매우 짧게 톡톡 끊어짐,1,매우 짧음(단맥),10%,,,5%,5%,5%,,,,
,,,,,,맥이 짧게 끊어지는 듯함,2,짧음(단맥),20%,10%,10%,15%,15%,15%,10%,10%,10%,10%
,,,,,,맥이 적당한 범위,3,중간,40%,25%,25%,30%,30%,30%,25%,25%,25%,25%
,,,,,,맥이 길게 느껴짐,4,김(장맥),20%,10%,10%,0%,0%,0%,10%,10%,10%,10%
,,,,,,맥이 아주 길게 퍼져 나감,5,매우 김(장맥),10%,,,,,,5%,5%,5%,5%
,,맥 부드럽고 거친 정도(활삽),,,2,맥이 매우 껄끄럽게 끊어짐,1,매우 거침(삽맥),10%,,,,,,5%,5%,5%,5%
,,,,,,맥의 흐름이 매끄럽지 않고 뻑뻑함,2,거침(삽맥),20%,10%,10%,10%,10%,10%,10%,10%,20%,20%
,,,,,,맥의 흐름이 보통,3,보통,40%,25%,25%,25%,25%,25%,20%,20%,20%,25%
,,,,,,맥이 매끄럽게 흐름,4,부드러움(활맥),20%,10%,10%,10%,10%,10%,10%,10%,0%,0%
,,,,,,맥이 매우 매끄럽게 흐름,5,매우 부드러움(활맥),10%,,,,,,10%,10%,,
,,세기,,,1,,1,매우 약함,10%,,,10%,10%,,,,,
,,,,,,,2,약함,20%,10%,10%,10%,10%,10%,10%,10%,10%,10%
,,,,,,,3,보통,40%,30%,30%,30%,30%,30%,30%,30%,30%,30%
,,,,,,,4,강함,20%,10%,10%,,,,10%,10%,10%,10%
,,,,,,,5,"매우 강함, 의지가 매우 강하여 절대 굽히지 않으며, 고집이 세다는 말을 자주 들음.",10%,,,,,,,,,
,,맥 긴장도(현긴완),,,1,맥이 전혀 긴장되지 않음,1,긴장도 없음,10%,,,,,,,,,
,,,,,,맥이 힘없이 느껴짐,2,긴장도 낮음,20%,10%,10%,10%,10%,10%,10%,10%,10%,10%
,,,,,,맥의 탄력이 보통,3,긴장도 보통,40%,25%,25%,25%,25%,25%,25%,25%,25%,25%
,,,,,,맥이 팽팽하게 느껴짐,4,긴장도가 높음(현맥),20%,,10%,10%,10%,10%,10%,10%,10%,10%
,,,,,,맥이 아주 단단함,5,긴장도가 높음(긴맥),10%,10%,,,,,10%,10%,10%,10%
,설,혀 색,,,1,혀가 핏기가없고흰색에가까움,1,백색 경향(담백설),20%,10%,,10%,10%,,10%,10%,,10%
,,,,,,혀색깔이연한분홍빛으로건강해보임,2,정상 (담홍설),50%,30%,30%,30%,30%,30%,30%,30%,30%,30%
,,,,,,혀가붉은편,3,붉은 색 경향(홍설),20%,,15%,,,15%,15%,15%,15%,15%
,,,,,,혀가매우짙고검붉음,4,검붉은 색 경향(강설),5%,,10%,,,10%,,,10%,
,,,,,,혀가푸른기운을띰,5,푸른색 경향(청설),5%,,,,,,,,10%,
,,혀 크기,,,3,"혀가 아주 작음, 입안에 혀가 남는 공간이 많음",1,매우 작다,10%,,,,,,,,,
,,,,,,혀가작은편,2,작다,20%,15%,15%,15%,15%,15%,15%,15%,15%,15%
,,,,,,혀 크기가 보통,3,중간,40%,20%,20%,20%,20%,20%,20%,20%,20%,20%
,,,,,,혀가 큰 편,4,크다,20%,15%,15%,15%,15%,15%,15%,15%,15%,15%
,,,,,,"혀가매우큼, 입안에꽉차는느낌",5,매우 크다,10%,,,,,,,,,
,,혀 흔적-치흔,,,2,혀주변에이빨자국이전혀없음,1,없다,30%,15%,15%,15%,15%,15%,,,15%,15%
,,,,,,혀 주변에 이빨 자국이 거의 없음,2,적다,40%,25%,25%,25%,25%,25%,25%,25%,25%,25%
,,,,,,가끔 혀 주변에 자국이 보임,3,중간,20%,,,15%,15%,15%,15%,15%,15%,15%
,,,,,,"혀 주변에 이빨 자국이 많음, 혀 모양이 울퉁불퉁함",4,많다,5%,,,,,,5%,5%,,
,,,,,,혀 전체에 이빨 자국이 선명함,5,매우 많다,5%,,,,,,3%,3%,,
,태,설태 색,,,1,혀에누렇고짙은태가보임,1,노란색(황태),30%,15%,15%,15%,15%,15%,15%,15%,15%,15%
,,,,,,혀가 하얗게덮여있음,2,흰색(백태),70%,,40%,40%,40%,40%,40%,40%,40%,40%
,,설태 두께,,,2,혀표면이깨끗함,1,없음(무태),10%,17%,17%,17%,17%,17%,,,,
,,,,,,혀이끼가아주얇게살짝보임,2,매우 얇음(소태),30%,25%,25%,25%,25%,25%,,,,
,,,,,,혀이끼가얇게덮임,3,얇음(박태),30%,25%,25%,,,,25%,25%,25%,25%
,,,,,,혀이끼가두껍게덮임,4,두꺼움(후태),30%,15%,15%,,,,15%,15%,15%,15%
,,설태 입자크기,,,ㅏ,"설태입자가미세함, 끈적끈적함",1,입자크기가 매우 작음(니태),10%,,,,,,5%,,,
,,,,,,설태 입자가작음,2,입자크기가 작음(니태),20%,10%,10%,10%,10%,10%,5%,5%,10%,10%
,,,,,,설태입자가보통,3,입자크기 보통,40%,40%,40%,40%,40%,40%,25%,25%,30%,40%
,,,,,,설태입자가굵음,4,입자크기 큼(부태),20%,0%,0%,0%,0%,0%,10%,10%,10%,0%
,,,,,,"설태 입자가거침, 찌꺼기 같음",5,입자크기 매우 큼(부태),10%,,,,,,4%,4%,,
